e_id,l_id
1,0
3,1
6,1
7,2
8,1
11,1
12,2
13,3
14,1
15,1
16,1
17,1
19,4
19,5
19,5
19,6
19,7
21,8
22,9
26,10
28,11
29,10
30,12
31,13
32,14
32,15
34,16
34,17
34,9
34,18
34,19
36,16
36,8
36,5
36,6
36,6
38,20
38,21
38,22
38,23
38,24
38,25
38,6
40,26
42,27
46,28
47,2
48,8
49,1
50,1
51,2
52,29
53,6
53,30
53,30
55,31
58,32
59,33
59,34
59,34
59,34
60,34
60,34
61,35
62,16
63,16
64,36
65,37
65,38
65,39
65,40
69,41
70,39
72,42
73,8
74,1
76,1
78,39
78,43
79,44
81,44
82,44
83,16
84,45
86,46
87,37
88,33
89,8
90,1
92,1
94,47
94,48
94,48
94,49
97,39
97,43
98,44
99,44
100,44
101,44
103,16
103,8
103,50
103,19
103,6
104,51
105,32
106,5
106,52
106,32
109,12
111,16
112,53
113,45
113,40
115,14
115,40
115,40
116,45
116,37
117,54
117,40
119,1
120,55
121,1
122,2
123,56
123,20
124,1
125,2
126,45
126,37
127,40
128,45
128,27
129,40
130,45
131,27
132,45
133,27
135,1
136,55
137,1
138,2
139,56
139,20
140,1
141,2
142,57
143,16
144,16
145,58
146,57
146,40
148,57
149,20
150,1
152,14
153,20
154,59
156,14
157,60
157,61
157,62
158,62
158,63
159,64
160,65
160,12
161,16
162,57
162,27
163,57
163,27
164,57
168,66
169,51
169,32
170,5
171,16
171,52
171,67
175,57
176,37
178,1
179,2
180,51
180,32
181,5
182,45
184,68
185,58
186,69
186,62
187,5
187,70
187,71
187,72
188,41
188,73
190,74
191,16
191,52
194,75
194,27
194,76
194,77
194,27
194,41
195,78
196,79
196,27
196,27
197,80
197,27
198,37
199,37
199,1
199,1
199,15
199,15
199,15
199,81
199,15
199,81
199,1
199,1
201,82
201,12
202,12
202,43
202,44
202,12
203,44
205,60
207,83
207,5
213,84
215,85
221,86
222,87
225,88
227,88
229,88
230,88
231,88
232,88
233,88
234,88
235,88
237,88
238,89
239,88
240,88
241,88
242,88
243,88
244,88
245,88
247,88
248,88
252,90
253,91
254,92
256,92
257,92
258,92
260,92
261,92
263,92
263,69
268,5
269,5
274,93
277,93
279,93
283,94
284,95
285,96
293,97
293,98
294,99
295,99
296,99
297,99
298,100
301,100
303,100
305,100
308,99
309,101
309,102
309,72
310,99
311,99
312,99
313,99
314,99
315,99
316,99
317,99
319,99
320,99
321,99
322,99
324,99
325,99
326,99
327,99
328,99
329,99
330,99
331,99
332,99
333,99
334,102
335,99
336,99
337,99
338,5
339,5
340,5
341,5
342,87
345,98
345,103
346,100
347,100
349,100
350,100
352,100
353,100
358,104
361,105
362,39
363,106
366,100
369,100
370,107
372,107
374,108
374,109
375,108
376,108
377,107
378,108
378,109
379,107
381,110
381,111
381,110
381,87
386,112
387,113
390,114
390,101
390,101
390,101
390,115
390,115
391,116
392,117
393,117
396,117
397,1
398,118
400,118
405,119
406,120
408,120
410,121
411,113
412,113
414,113
415,113
417,113
418,113
421,122
421,123
422,113
423,113
424,124
426,124
427,124
429,124
430,125
432,125
435,125
436,126
436,127
437,127
441,127
442,127
446,127
448,127
450,127
452,128
454,129
456,130
457,131
458,130
459,130
461,130
462,130
463,130
464,130
465,132
466,130
467,130
469,130
470,130
471,130
472,130
476,130
477,130
479,130
480,124
482,124
485,133
488,134
491,135
492,135
494,136
497,136
501,137
504,137
505,35
506,137
507,137
509,137
513,137
514,137
515,137
518,138
519,138
520,138
521,138
523,138
524,138
525,138
526,139
526,140
527,140
528,141
529,141
530,141
532,140
533,140
533,142
534,141
535,141
538,143
538,144
539,119
540,119
541,145
541,146
541,146
541,147
541,130
541,130
541,130
541,130
542,146
546,130
547,130
550,130
552,130
555,130
556,148
556,149
556,150
557,130
562,130
563,151
563,151
563,152
563,153
563,154
563,153
563,155
564,130
565,130
566,130
567,130
569,130
570,156
570,130
573,130
575,130
576,130
578,130
579,130
581,130
583,130
584,157
586,130
587,130
589,130
591,130
592,158
593,158
594,159
596,159
598,160
598,161
598,162
600,162
600,39
600,163
600,160
600,160
600,164
602,113
603,113
609,165
609,166
610,166
610,84
610,166
612,166
613,167
614,124
615,124
617,124
618,168
619,168
621,168
622,168
624,169
624,170
624,171
625,171
627,172
628,172
630,172
632,172
633,172
636,173
638,173
639,173
640,173
642,174
643,174
644,174
647,174
648,174
651,174
652,100
653,100
654,137
655,137
658,160
658,158
658,175
658,160
659,113
664,113
666,113
667,176
670,177
670,178
672,177
674,179
675,179
676,179
679,180
680,180
681,181
685,182
685,183
686,183
688,183
690,184
691,184
692,185
693,182
694,185
695,186
696,187
697,186
698,186
699,100
700,100
703,188
704,188
706,189
707,189
708,189
710,190
711,190
712,190
713,190
715,190
716,35
717,191
717,152
718,130
719,130
722,130
724,130
725,130
726,130
728,130
729,192
731,130
732,130
733,130
734,130
736,130
738,130
739,130
740,130
742,130
743,130
744,130
745,130
747,130
750,145
750,152
750,193
750,146
750,194
750,130
750,130
751,130
752,130
753,130
755,130
756,195
756,152
756,196
756,152
756,197
756,198
757,130
758,130
759,130
760,130
762,130
763,199
765,199
766,98
767,200
768,200
769,200
770,201
773,200
774,98
776,202
777,203
779,202
781,202
782,98
784,202
785,203
787,202
789,202
791,202
792,202
794,202
796,202
798,202
799,202
800,202
801,204
801,205
802,206
803,206
804,206
806,207
807,206
808,206
810,206
811,206
812,208
814,209
815,210
816,210
817,210
818,210
820,210
821,191
822,211
824,210
825,210
826,210
827,191
828,210
830,210
831,210
833,210
834,210
835,210
836,191
837,210
839,210
841,210
842,212
843,210
844,210
845,213
846,210
847,210
849,210
850,210
851,210
852,210
854,210
855,210
856,211
857,210
858,210
859,214
860,210
861,210
863,210
864,210
865,215
866,210
868,216
870,216
872,216
873,217
874,216
875,216
877,216
879,216
881,216
883,216
884,216
885,216
886,216
887,216
888,216
890,89
891,216
893,216
895,216
896,216
898,216
899,216
900,216
901,216
902,216
903,216
904,216
905,216
906,216
908,216
910,216
912,216
913,216
915,216
916,216
917,216
918,216
920,216
921,218
922,216
924,219
924,216
925,216
928,216
929,216
931,216
933,216
934,216
935,216
937,216
939,216
940,216
941,216
943,216
944,216
944,216
945,216
947,216
948,216
950,216
953,216
955,216
957,220
959,216
960,220
961,216
962,216
964,216
967,216
970,216
972,216
974,216
976,219
978,216
980,216
981,216
982,216
982,216
983,216
986,216
989,216
991,216
993,124
995,124
996,221
997,222
998,223
999,224
999,221
999,221
1000,222
1000,221
1000,221
1001,225
1001,221
1001,221
1002,5
1002,221
1003,223
1004,223
1006,226
1010,179
1012,179
1013,136
1018,136
1019,227
1020,228
1021,229
1023,230
1024,230
1026,231
1027,44
1027,232
1027,232
1029,44
1030,44
1032,233
1032,233
1032,87
1032,234
1032,233
1033,235
1037,235
1038,235
1039,235
1040,235
1041,235
1042,235
1043,235
1044,235
1045,235
1046,235
1048,235
1052,235
1054,236
1054,236
1055,236
1060,235
1061,235
1064,235
1067,237
1071,236
1072,238
1073,239
1075,239
1082,240
1082,241
1084,239
1086,239
1090,173
1091,242
1091,243
1091,244
1092,173
1094,173
1095,245
1096,245
1097,245
1098,245
1099,245
1101,245
1103,78
1103,246
1103,246
1103,247
1104,246
1105,246
1111,191
1112,248
1113,249
1115,191
1117,191
1119,248
1120,248
1121,248
1124,100
1125,100
1126,100
1127,100
1128,137
1129,35
1130,137
1132,35
1133,209
1135,250
1137,251
1139,252
1140,250
1142,250
1145,250
1147,250
1149,250
1150,253
1152,250
1154,250
1155,250
1156,84
1157,250
1159,191
1160,254
1162,254
1164,250
1166,229
1166,255
1168,255
1169,250
1171,250
1173,250
1174,250
1175,256
1175,257
1177,250
1179,250
1180,258
1182,258
1183,250
1185,250
1186,250
1188,250
1189,250
1191,250
1193,191
1194,254
1195,254
1196,254
1198,254
1200,250
1201,250
1203,250
1204,191
1205,251
1207,251
1208,259
1210,259
1212,260
1213,260
1215,260
1217,257
1219,257
1220,250
1222,250
1224,254
1226,254
1228,252
1229,252
1230,252
1233,250
1236,250
1238,250
1239,261
1241,254
1243,254
1247,257
1248,250
1250,250
1251,259
1252,259
1253,251
1254,258
1256,258
1258,259
1261,262
1263,250
1265,252
1266,191
1266,251
1266,251
1268,191
1269,250
1272,191
1274,260
1276,263
1280,264
1281,264
1282,264
1284,264
1285,113
1287,265
1289,113
1291,266
1295,267
1298,267
1304,268
1305,269
1306,269
1307,269
1308,269
1309,168
1310,168
1311,168
1312,168
1313,270
1314,181
1317,136
1318,136
1320,136
1321,136
1322,136
1324,136
1325,136
1327,136
1328,78
1330,136
1332,136
1337,136
1338,271
1340,271
1344,272
1347,273
1348,274
1351,174
1354,174
1356,275
1356,276
1356,173
1357,245
1359,277
1360,277
1361,277
1362,277
1363,277
1365,278
1366,279
1367,278
1368,278
1370,278
1371,280
1371,281
1372,280
1372,281
1373,280
1373,281
1374,280
1374,281
1376,248
1377,280
1377,281
1379,248
1379,282
1381,282
1381,249
1381,282
1382,282
1382,283
1384,283
1385,284
1386,284
1387,284
1388,100
1389,100
1390,100
1391,100
1392,100
1393,100
1394,137
1396,137
1399,137
1400,137
1401,137
1404,130
1406,130
1407,130
1408,130
1409,130
1410,130
1411,285
1412,130
1413,145
1414,130
1415,145
1415,286
1416,130
1417,145
1418,130
1419,130
1420,130
1421,130
1423,130
1424,287
1424,153
1424,130
1424,130
1424,152
1425,198
1429,130
1432,130
1433,130
1434,130
1436,199
1437,288
1439,199
1441,289
1442,199
1444,199
1448,199
1450,199
1452,199
1454,199
1461,199
1462,199
1467,199
1469,199
1470,199
1471,290
1474,199
1475,199
1477,199
1478,291
1478,292
1478,292
1478,200
1479,293
1480,206
1481,206
1482,206
1484,206
1486,206
1488,206
1489,294
1493,71
1494,71
1495,104
1498,295
1499,296
1500,71
1502,71
1504,296
1509,297
1510,71
1510,298
1511,299
1512,297
1513,71
1513,298
1515,300
1516,295
1518,295
1520,71
1521,300
1522,300
1526,71
1527,71
1528,71
1529,71
1531,71
1537,71
1540,300
1541,300
1546,71
1547,71
1548,295
1550,295
1553,295
1556,301
1557,301
1559,302
1561,191
1562,71
1564,300
1565,300
1567,300
1568,300
1570,303
1571,303
1572,303
1575,71
1578,71
1581,71
1583,71
1584,71
1587,71
1588,191
1589,71
1591,191
1591,71
1591,71
1591,71
1592,71
1593,191
1594,71
1599,304
1605,305
1607,306
1608,305
1610,305
1613,305
1615,305
1617,305
1618,305
1619,305
1620,305
1621,305
1622,191
1624,305
1626,305
1627,191
1628,191
1629,305
1631,305
1633,191
1634,191
1638,305
1639,253
1641,305
1645,305
1646,307
1649,307
1652,307
1654,191
1654,308
1655,308
1659,309
1661,310
1662,310
1663,310
1664,310
1665,310
1666,310
1667,310
1668,310
1669,310
1670,310
1671,191
1671,311
1672,312
1673,313
1674,312
1675,312
1677,312
1681,166
1682,314
1683,12
1683,166
1685,315
1687,315
1688,315
1689,316
1690,316
1691,316
1692,317
1695,318
1696,319
1698,319
1702,320
1703,87
1706,321
1706,182
1706,182
1707,182
1709,322
1710,322
1712,323
1715,324
1716,324
1718,325
1719,325
1720,78
1720,230
1721,230
1722,44
1724,44
1726,44
1726,326
1726,327
1727,125
1728,125
1730,125
1732,125
1733,125
1734,125
1736,125
1737,328
1738,328
1739,328
1740,328
1741,328
1745,328
1750,235
1751,235
1753,235
1754,329
1754,330
1755,330
1756,330
1756,331
1756,330
1757,332
1757,330
1757,329
1759,333
1759,330
1761,235
1762,235
1763,235
1764,235
1766,235
1767,235
1769,235
1770,235
1771,334
1772,235
1774,235
1775,235
1776,184
1777,235
1778,335
1780,235
1782,336
1783,235
1785,235
1788,235
1790,337
1790,338
1790,335
1793,235
1795,339
1796,339
1798,339
1799,339
1800,340
1801,340
1802,340
1806,341
1807,342
1814,343
1816,344
1818,344
1819,345
1820,98
1821,344
1822,344
1823,344
1824,344
1825,344
1826,346
1827,344
1828,344
1830,344
1833,126
1834,126
1835,347
1836,348
1838,126
1840,349
1840,350
1840,1
1840,351
1841,352
1841,119
1841,119
1841,353
1841,353
1842,354
1843,84
1843,353
1844,354
1845,354
1846,354
1847,355
1848,355
1849,355
1850,355
1851,355
1852,355
1853,355
1854,355
1855,355
1856,100
1857,100
1858,100
1859,100
1860,100
1861,100
1862,100
1863,100
1864,100
1865,100
1866,137
1870,356
1871,356
1872,128
1872,357
1873,358
1874,358
1875,119
1876,119
1878,119
1879,119
1880,119
1881,119
1882,119
1883,119
1884,119
1885,119
1886,119
1887,119
1888,87
1889,119
1890,119
1892,359
1893,119
1893,360
1893,361
1893,362
1897,291
1898,363
1899,363
1900,363
1902,363
1903,364
1904,364
1905,365
1907,195
1908,89
1908,191
1910,366
1912,366
1914,366
1915,366
1916,367
1917,35
1917,367
1918,216
1918,368
1918,216
1919,369
1920,369
1921,369
1924,370
1926,371
1926,216
1926,191
1929,369
1933,372
1933,373
1933,374
1936,366
1937,366
1938,366
1940,366
1942,367
1943,375
1943,225
1944,366
1945,366
1946,366
1947,366
1948,366
1949,366
1950,366
1951,366
1952,367
1953,367
1954,366
1955,366
1956,366
1958,366
1960,367
1961,366
1962,366
1963,366
1965,367
1967,366
1969,366
1970,367
1972,367
1974,367
1976,376
1976,216
1976,216
1983,367
1984,367
1985,366
1986,366
1987,366
1989,367
1991,374
1992,374
1993,374
1995,377
1996,377
2000,378
2000,379
2004,191
2007,380
2008,380
2010,380
2013,380
2016,380
2018,191
2021,380
2022,380
2024,191
2024,71
2024,381
2024,382
2026,383
2027,191
2027,71
2027,381
2027,382
2029,383
2030,191
2030,71
2030,381
2030,382
2032,383
2033,191
2048,158
2050,384
2050,191
2050,191
2050,385
2050,385
2050,385
2050,384
2051,384
2053,384
2054,384
2058,384
2059,84
2060,386
2061,387
2062,388
2063,388
2064,389
2064,388
2064,390
2065,388
2067,191
2067,391
2069,392
2069,311
2070,393
2072,393
2073,394
2074,395
2074,396
2074,394
2076,178
2078,178
2079,178
2080,397
2081,397
2082,397
2083,397
2086,398
2087,399
2090,398
2091,398
2093,398
2093,400
2094,401
2094,402
2095,403
2096,404
2097,405
2098,406
2099,407
2102,407
2105,191
2105,115
2105,216
2105,408
2105,115
2105,117
2106,409
2108,117
2110,117
2111,325
2115,230
2117,410
2121,411
2125,412
2126,413
2127,413
2129,414
2129,413
2130,415
2132,416
2133,417
2134,416
2138,418
2139,419
2140,418
2141,420
2143,418
2144,418
2145,421
2147,419
2148,420
2150,418
2151,421
2153,418
2154,421
2158,421
2159,421
2160,191
2160,44
2160,422
2163,423
2164,423
2165,423
2167,423
2168,173
2169,173
2170,173
2171,173
2173,125
2174,125
2175,125
2177,125
2178,174
2179,174
2181,174
2182,174
2184,174
2185,174
2187,174
2189,173
2190,173
2191,173
2193,173
2194,173
2195,173
2196,424
2197,173
2198,173
2199,173
2201,425
2202,328
2203,328
2206,339
2207,339
2209,339
2211,339
2212,339
2214,236
2215,236
2216,236
2217,236
2218,236
2219,426
2220,426
2221,427
2222,426
2224,426
2226,426
2229,87
2230,87
2231,118
2232,87
2235,87
2235,87
2236,118
2237,100
2238,100
2239,100
2240,100
2241,100
2242,100
2243,100
2244,100
2245,100
2246,100
2247,100
2248,100
2252,356
2253,356
2254,428
2254,191
2254,429
2255,119
2256,119
2257,119
2258,119
2259,119
2260,119
2262,430
2262,119
2262,119
2262,431
2263,432
2263,433
2263,433
2264,119
2265,191
2266,434
2267,435
2267,292
2267,436
2270,313
2270,206
2271,313
2271,206
2274,206
2275,365
2276,437
2277,438
2278,438
2279,439
2282,440
2284,440
2285,191
2285,311
2289,312
2291,312
2292,191
2292,191
2292,12
2292,12
2292,80
2292,80
2292,441
2292,80
2293,442
2294,442
2295,442
2296,442
2297,442
2298,442
2299,442
2299,443
2299,442
2302,442
2303,444
2304,224
2305,224
2306,224
2307,445
2309,445
2310,445
2311,445
2314,445
2315,143
2315,446
2316,445
2318,445
2319,223
2321,223
2322,223
2323,223
2324,223
2326,223
2327,223
2328,223
2330,447
2331,447
2332,447
2333,268
2336,268
2338,268
2340,268
2341,269
2344,269
2345,269
2355,76
2356,270
2357,448
2358,76
2358,84
2359,270
2362,449
2363,450
2365,451
2366,449
2367,452
2368,453
2370,453
2371,453
2375,453
2376,453
2378,453
2379,453
2382,453
2383,453
2387,453
2389,136
2392,136
2393,136
2394,136
2395,136
2396,136
2397,136
2399,454
2402,454
2403,455
2404,454
2405,456
2406,456
2408,35
2408,134
2410,136
2411,136
2412,136
2415,136
2416,136
2417,136
2419,136
2420,136
2421,136
2422,457
2423,136
2424,136
2428,136
2429,136
2430,136
2432,136
2433,458
2436,136
2441,136
2442,136
2445,136
2446,453
2449,271
2450,271
2452,271
2453,271
2454,271
2455,271
2456,271
2458,271
2459,271
2460,271
2461,271
2462,271
2463,459
2464,459
2465,459
2466,271
2467,271
2468,271
2469,271
2470,271
2471,271
2472,271
2473,271
2474,271
2475,271
2477,216
2482,216
2487,460
2489,271
2490,271
2491,271
2494,228
2496,461
2496,462
2496,463
2497,464
2499,274
2500,274
2501,463
2502,274
2503,345
2504,324
2505,324
2506,324
2508,324
2512,324
2513,324
2515,324
2517,324
2521,465
2522,466
2527,467
2529,468
2531,468
2532,468
2534,125
2535,125
2536,125
2537,469
2538,125
2539,125
2540,125
2541,125
2543,125
2544,125
2545,125
2546,125
2547,125
2549,125
2555,245
2558,245
2559,245
2563,470
2564,470
2565,470
2570,173
2572,173
2573,173
2575,173
2577,173
2578,173
2579,173
2580,471
2582,173
2583,173
2584,173
2586,173
2587,245
2588,245
2589,245
2590,245
2592,245
2595,245
2596,245
2597,245
2598,245
2599,245
2600,245
2603,173
2604,173
2605,173
2606,173
2608,470
2610,470
2613,470
2614,470
2617,173
2618,245
2619,125
2620,173
2623,173
2624,173
2625,472
2629,173
2630,173
2632,173
2634,173
2635,173
2636,473
2637,473
2638,174
2641,5
2642,328
2643,328
2645,328
2648,474
2649,474
2651,339
2654,339
2656,475
2659,476
2660,477
2661,478
2662,479
2662,476
2663,478
2664,151
2665,59
2665,59
2665,59
2666,59
2669,59
2670,5
2670,1
2670,1
2670,153
2671,59
2671,59
2671,59
2672,59
2675,59
2676,480
2677,480
2678,480
2679,100
2680,100
2681,100
2682,100
2683,100
2684,100
2685,100
2686,100
2687,100
2688,100
2689,100
2690,100
2694,137
2695,137
2699,137
2700,137
2703,481
2706,137
2707,137
2708,137
2709,137
2715,356
2716,356
2720,482
2725,482
2726,482
2727,482
2729,482
2731,483
2732,482
2737,484
2738,482
2740,485
2745,486
2746,482
2747,482
2749,483
2749,483
2752,482
2753,487
2753,89
2756,482
2757,482
2759,482
2760,482
2761,482
2763,482
2766,482
2768,482
2770,482
2771,77
2771,488
2772,482
2775,482
2777,482
2779,482
2781,482
2782,482
2783,482
2784,128
2785,482
2786,482
2787,482
2791,482
2793,489
2793,191
2793,191
2794,490
2795,206
2797,206
2797,491
2804,206
2805,98
2806,436
2806,206
2807,491
2808,491
2809,491
2810,491
2812,491
2813,191
2813,491
2814,78
2815,491
2816,78
2817,491
2818,191
2819,436
2820,491
2821,206
2823,206
2824,206
2826,206
2827,216
2827,491
2827,491
2827,492
2828,78
2830,491
2831,191
2832,436
2833,206
2833,491
2833,493
2833,494
2833,491
2834,206
2835,491
2836,191
2836,491
2838,491
2839,491
2842,202
2845,191
2846,385
2846,436
2846,206
2846,202
2847,491
2850,491
2853,202
2855,78
2855,495
2856,202
2860,202
2862,496
2864,206
2865,206
2866,206
2869,206
2871,206
2872,191
2873,434
2874,435
2874,292
2874,436
2874,206
2876,206
2877,206
2878,206
2879,496
2883,206
2885,206
2887,206
2888,208
2889,497
2890,498
2891,438
2892,499
2893,500
2894,501
2896,502
2897,502
2899,502
2900,502
2902,502
2903,434
2904,502
2906,502
2908,210
2909,503
2911,503
2913,191
2914,503
2916,503
2917,504
2919,504
2920,5
2921,504
2923,504
2924,211
2926,211
2927,505
2928,505
2929,505
2930,505
2931,505
2932,505
2933,505
2935,225
2937,505
2939,98
2939,506
2939,225
2941,507
2942,508
2943,508
2944,509
2944,509
2945,508
2948,510
2948,509
2951,511
2962,512
2965,216
2966,216
2968,216
2969,513
2970,513
2971,513
2973,513
2975,514
2978,514
2980,515
2981,515
2982,128
2982,305
2983,515
2984,516
2985,516
2987,516
2988,250
2989,512
2990,250
2991,517
2993,517
2995,517
2997,518
3001,518
3004,372
3004,374
3004,372
3005,374
3006,408
3007,519
3011,307
3015,308
3016,520
3016,158
3017,308
3018,308
3020,308
3021,520
3021,158
3022,308
3023,308
3025,308
3026,520
3026,158
3027,308
3028,308
3030,521
3030,522
3030,522
3030,263
3033,521
3034,89
3034,264
3034,521
3034,84
3035,521
3036,521
3038,113
3042,80
3044,80
3045,191
3045,311
3048,312
3050,312
3051,191
3051,311
3052,312
3053,191
3053,311
3055,312
3056,191
3056,311
3057,312
3058,312
3064,523
3067,524
3071,524
3074,525
3075,178
3076,178
3077,178
3078,178
3079,397
3081,397
3082,526
3082,527
3082,195
3082,528
3082,62
3084,526
3086,341
3086,529
3087,530
3087,341
3088,526
3088,531
3089,317
3090,532
3091,532
3092,532
3094,533
3095,533
3096,449
3097,449
3098,449
3100,450
3101,191
3101,534
3101,535
3103,536
3104,537
3108,537
3109,537
3113,171
3115,270
3116,273
3117,270
3118,317
3119,270
3120,538
3121,271
3122,271
3123,538
3124,271
3125,271
3128,539
3129,136
3130,136
3133,136
3135,136
3136,136
3138,136
3140,136
3141,136
3142,136
3143,136
3144,136
3145,136
3148,136
3149,540
3150,540
3152,540
3154,540
3157,540
3159,541
3162,542
3163,543
3164,543
3166,544
3166,182
3167,543
3168,411
3175,545
3180,546
3181,546
3184,546
3185,546
3186,12
3186,547
3186,548
3190,546
3191,549
3192,546
3193,546
3194,546
3195,546
3196,191
3197,418
3199,550
3201,418
3203,418
3205,418
3207,44
3208,551
3208,44
3208,15
3211,552
3211,44
3211,553
3213,87
3214,87
3214,554
3216,555
3217,555
3220,191
3223,418
3225,418
3226,418
3227,421
3228,418
3229,418
3230,556
3230,6
3231,419
3232,418
3233,550
3233,419
3234,418
3238,418
3239,418
3240,421
3241,421
3242,418
3243,418
3244,419
3245,418
3246,550
3247,419
3248,418
3249,550
3250,418
3254,418
3256,421
3257,421
3258,557
3259,557
3264,474
3266,474
3268,474
3270,474
3271,474
3273,474
3275,558
3277,125
3279,125
3283,184
3287,559
3287,560
3289,125
3291,470
3292,470
3295,470
3298,470
3300,470
3301,470
3304,5
3307,470
3309,470
3310,235
3311,235
3312,235
3313,235
3314,235
3315,235
3318,235
3319,476
3320,561
3323,562
3324,562
3325,562
3326,562
3327,189
3328,189
3329,563
3330,188
3332,564
3334,564
3335,100
3336,137
3339,137
3340,137
3345,565
3347,356
3348,356
3349,566
3351,567
3354,356
3355,356
3359,356
3360,568
3361,356
3362,356
3364,356
3366,356
3367,356
3370,356
3371,356
3380,569
3380,570
3381,571
3382,119
3383,569
3385,119
3387,119
3389,119
3396,138
3399,138
3402,138
3403,138
3404,138
3405,138
3408,138
3409,138
3410,138
3411,138
3413,191
3413,206
3413,491
3414,206
3416,206
3417,489
3417,191
3417,191
3418,490
3419,491
3421,206
3421,491
3427,491
3428,206
3429,191
3432,206
3433,191
3433,292
3435,491
3435,572
3436,573
3438,491
3439,491
3440,191
3440,491
3442,491
3443,191
3443,574
3444,206
3450,206
3451,191
3451,491
3453,491
3454,191
3454,206
3455,206
3456,575
3457,206
3458,191
3458,206
3458,576
3460,206
3463,206
3464,191
3465,206
3466,206
3467,191
3468,206
3469,206
3472,78
3473,206
3474,191
3474,491
3475,78
3476,491
3477,191
3477,491
3478,491
3480,491
3481,191
3481,206
3481,202
3482,577
3483,202
3484,191
3485,206
3485,206
3488,206
3489,191
3490,206
3490,206
3493,206
3494,191
3494,206
3494,576
3496,206
3499,206
3500,578
3501,578
3502,364
3503,498
3504,498
3506,579
3507,438
3508,499
3509,580
3511,581
3512,504
3514,504
3515,504
3517,504
3518,213
3519,213
3520,582
3521,89
3522,583
3523,583
3525,583
3526,583
3529,584
3531,584
3532,584
3534,166
3535,444
3537,444
3538,585
3539,585
3540,585
3542,585
3543,585
3547,223
3549,223
3549,586
3549,586
3549,586
3549,586
3551,223
3554,221
3557,221
3562,587
3565,588
3567,588
3568,588
3569,588
3570,588
3572,588
3573,588
3574,588
3575,588
3576,588
3579,588
3581,588
3583,588
3585,588
3587,588
3588,588
3589,588
3590,588
3591,588
3592,588
3593,588
3597,316
3598,589
3598,191
3598,101
3602,590
3604,591
3606,591
3609,591
3610,541
3612,541
3613,5
3614,459
3615,271
3616,271
3617,271
3618,102
3619,459
3620,459
3621,459
3622,459
3625,592
3626,593
3627,191
3627,115
3629,117
3630,117
3631,106
3631,5
3632,594
3633,5
3634,594
3637,37
3638,37
3639,37
3641,37
3642,37
3644,191
3645,595
3646,596
3647,191
3649,595
3650,595
3651,595
3661,15
3665,15
3667,191
3667,119
3667,119
3667,15
3667,597
3668,416
3669,416
3669,15
3672,416
3674,416
3675,598
3675,416
3677,416
3678,416
3679,416
3680,416
3684,416
3685,416
3686,416
3687,416
3691,191
3691,119
3691,599
3692,600
3695,600
3696,595
3697,595
3698,595
3702,225
3703,600
3708,600
3712,601
3713,602
3715,421
3718,601
3719,602
3721,421
3724,601
3725,603
3725,604
3725,602
3726,421
3727,602
3728,602
3728,89
3729,421
3732,69
3733,421
3733,418
3734,421
3736,418
3737,605
3737,606
3737,607
3738,418
3741,608
3741,89
3741,418
3742,608
3744,191
3746,421
3748,187
3749,609
3752,609
3753,609
3754,610
3755,611
3756,612
3757,612
3759,612
3760,612
3761,394
3764,613
3766,613
3767,613
3769,614
3773,614
3775,614
3779,614
3781,191
3781,15
3781,615
3782,616
3783,615
3784,470
3786,469
3786,617
3790,470
3791,470
3792,470
3793,470
3796,469
3797,470
3799,470
3800,470
3801,470
3802,470
3803,470
3804,618
3806,618
3808,618
3811,618
3814,619
3815,620
3815,621
3817,618
3819,618
3821,618
3824,618
3825,618
3828,618
3833,173
3834,173
3835,173
3842,618
3844,470
3845,470
3847,469
3847,617
3848,125
3849,470
3850,235
3851,235
3853,235
3855,235
3857,235
3858,235
3859,235
3861,235
3863,235
3864,622
3866,5
3867,623
3868,624
3869,624
3870,624
3872,624
3873,624
3874,624
3876,618
3877,618
3882,618
3883,625
3884,27
3884,626
3884,627
3884,627
3885,473
3888,473
3889,473
3890,473
3892,473
3893,174
3895,174
3897,174
3899,174
3900,174
3901,174
3905,628
3906,328
3907,628
3907,629
3908,328
3909,328
3912,328
3913,328
3914,328
3915,328
3917,630
3918,328
3919,328
3922,328
3924,328
3929,328
3930,328
3935,328
3936,328
3937,328
3938,328
3939,328
3940,328
3941,328
3942,328
3943,84
3944,5
3947,328
3948,328
3949,328
3950,328
3951,328
3952,328
3953,328
3954,328
3955,84
3956,5
3957,631
3958,631
3959,631
3960,631
3962,632
3963,631
3964,631
3967,631
3970,631
3973,339
3974,339
3975,339
3976,339
3978,633
3979,339
3984,339
3987,426
3990,426
3991,426
3993,426
3995,426
3997,426
4000,426
4003,426
4004,426
4006,426
4007,426
4009,426
4011,426
4012,426
4013,567
4016,279
4017,278
4018,278
4019,278
4021,278
4022,278
4023,278
4024,278
4025,476
4026,634
4030,561
4031,561
4033,229
4036,6
4038,6
4040,635
4041,635
4042,635
4044,636
4045,636
4046,189
4047,189
4048,189
4050,188
4051,188
4052,188
4053,188
4061,637
4062,637
4065,637
4068,547
4068,98
4078,638
4078,639
4079,638
4080,12
4081,118
4083,637
4083,637
4083,637
4084,637
4084,637
4084,637
4085,640
4087,118
4088,640
4089,118
4091,87
4092,118
4093,87
4094,78
4094,641
4094,87
4097,100
4098,100
4099,100
4100,100
4105,642
4107,642
4111,642
4113,642
4118,481
4122,643
4124,644
4125,644
4126,644
4127,644
4130,644
4134,184
4135,356
4136,356
4138,356
4139,356
4141,337
4141,645
4143,356
4144,356
4145,356
4146,356
4147,356
4148,356
4149,356
4157,356
4158,356
4163,356
4164,356
4165,646
4167,646
4169,202
4170,202
4172,202
4174,202
4175,191
4175,206
4175,647
4178,641
4178,544
4179,206
4180,191
4180,292
4182,648
4183,78
4185,78
4186,648
4187,191
4188,206
4191,363
4192,191
4192,491
4196,78
4197,491
4198,191
4198,491
4201,491
4202,191
4202,292
4205,78
4206,491
4207,649
4208,491
4210,78
4211,491
4212,191
4213,436
4213,436
4213,206
4213,206
4213,650
4215,206
4217,206
4218,206
4219,491
4221,206
4223,206
4224,206
4225,191
4225,160
4226,436
4226,206
4226,293
4226,651
4227,206
4229,206
4230,206
4232,206
4233,652
4234,652
4235,652
4236,652
4238,652
4239,652
4240,653
4241,364
4242,578
4243,498
4244,579
4245,438
4246,438
4247,438
4248,499
4250,654
4251,654
4252,580
4253,655
4255,656
4257,657
4258,657
4259,657
4261,658
4263,658
4264,658
4266,658
4267,659
4270,660
4271,660
4278,657
4280,657
4282,657
4284,657
4285,659
4288,659
4289,27
4289,661
4290,658
4292,658
4293,657
4296,657
4300,662
4302,662
4303,191
4305,662
4306,662
4308,662
4310,663
4311,662
4312,663
4317,664
4320,660
4320,665
4323,660
4323,665
4326,660
4328,666
4331,666
4334,378
4335,667
4337,378
4339,216
4339,378
4348,666
4350,666
4351,256
4351,666
4354,378
4356,378
4368,664
4369,378
4370,664
4372,662
4374,662
4375,662
4378,660
4381,667
4381,378
4382,658
4384,658
4386,658
4387,191
4388,668
4388,84
4388,664
4389,378
4390,378
4391,667
4392,378
4393,378
4394,667
4395,378
4396,191
4396,668
4396,664
4398,666
4399,669
4400,666
4402,191
4402,187
4403,662
4404,662
4405,662
4405,662
4406,662
4408,670
4409,378
4410,671
4411,671
4412,378
4414,671
4415,671
4416,378
4417,191
4418,664
4419,664
4421,71
4422,672
4424,191
4425,660
4427,673
4432,660
4434,658
4435,674
4437,191
4439,378
4441,659
4446,225
4447,662
4448,662
4449,675
4449,676
4450,662
4451,662
4452,307
4454,677
4454,158
4457,307
4459,191
4459,308
4460,308
4465,267
4468,191
4468,391
4468,391
4470,392
4470,311
4472,393
4473,311
4476,313
4478,678
4478,12
4478,679
4481,680
4481,681
4482,682
4483,679
4484,683
4484,679
4485,683
4487,679
4489,679
4490,683
4490,679
4493,684
4494,684
4496,444
4497,444
4499,444
4500,685
4501,685
4502,685
4503,685
4504,685
4509,686
4510,224
4511,687
4512,687
4513,687
4515,687
4516,588
4517,588
4519,588
4520,588
4525,588
4526,588
4529,588
4531,588
4532,588
4533,688
4534,688
4535,689
4536,689
4537,689
4538,689
4539,449
4540,449
4541,449
4542,537
4543,537
4544,690
4545,690
4546,691
4547,451
4548,453
4550,453
4551,453
4552,453
4554,453
4555,453
4556,506
4556,692
4556,693
4557,453
4558,453
4560,453
4563,541
4565,541
4566,694
4567,695
4569,541
4571,456
4574,591
4575,696
4577,696
4578,78
4579,696
4581,78
4583,697
4584,697
4585,697
4585,665
4585,134
4587,697
4588,698
4588,134
4589,136
4591,136
4592,136
4594,136
4595,136
4596,453
4597,453
4598,453
4600,453
4601,699
4602,699
4603,35
4603,134
4605,541
4607,541
4610,541
4612,541
4614,541
4617,87
4622,593
4623,700
4624,700
4625,700
4626,700
4627,700
4628,700
4629,700
4630,700
4634,701
4634,701
4635,702
4639,703
4639,703
4639,703
4640,704
4640,703
4641,703
4641,705
4641,703
4641,703
4641,703
4642,706
4642,707
4642,706
4642,708
4642,708
4643,708
4643,709
4643,706
4643,706
4643,706
4644,706
4644,706
4644,706
4644,710
4645,708
4646,708
4648,710
4648,711
4649,708
4650,712
4650,168
4652,708
4654,708
4655,706
4655,708
4656,708
4660,549
4663,546
4665,713
4665,714
4666,546
4667,546
4668,546
4669,546
4671,546
4672,546
4673,546
4674,715
4674,716
4675,416
4677,15
4678,15
4682,15
4686,717
4689,84
4691,718
4692,718
4693,191
4694,128
4694,455
4699,719
4700,720
4701,89
4701,721
4706,720
4707,89
4707,721
4709,720
4710,89
4710,720
4715,720
4717,98
4718,720
4719,720
4719,722
4720,89
4720,721
4722,723
4722,720
4722,15
4722,720
4723,720
4724,89
4724,721
4727,720
4729,720
4730,89
4730,720
4732,44
4732,724
4733,236
4733,236
4734,236
4735,725
4736,426
4739,725
4742,725
4744,426
4749,426
4750,426
4751,426
4752,426
4753,426
4754,426
4756,426
4757,84
4758,426
4759,426
4760,426
4761,426
4762,426
4763,426
4764,277
4765,277
4768,726
4769,726
4771,727
4774,726
4775,728
4776,726
4778,256
4779,729
4781,730
4782,730
4787,472
4787,731
4787,732
4791,733
4793,733
4795,733
4796,734
4797,733
4800,735
4801,191
4803,736
4807,737
4807,98
4810,345
4811,98
4812,344
4813,344
4814,344
4815,344
4816,344
4817,344
4820,344
4822,344
4823,344
4824,344
4825,344
4826,344
4827,738
4828,739
4830,740
4831,740
4834,741
4838,137
4839,137
4841,35
4842,137
4845,137
4847,137
4849,137
4851,356
4852,356
4853,356
4855,356
4857,356
4858,356
4860,356
4861,356
4862,356
4863,356
4864,356
4865,356
4867,474
4868,474
4870,474
4873,277
4874,277
4880,742
4881,743
4882,119
4883,119
4886,119
4887,191
4888,744
4888,745
4888,746
4889,747
4889,641
4889,748
4889,749
4889,641
4889,747
4889,747
4891,750
4892,750
4893,119
4893,751
4894,84
4896,119
4897,752
4897,751
4898,753
4899,428
4899,754
4900,119
4900,752
4900,752
4901,751
4902,755
4903,119
4907,570
4909,753
4909,753
4909,570
4911,751
4914,755
4914,756
4916,751
4916,753
4917,755
4922,751
4922,753
4924,119
4925,757
4926,758
4926,756
4926,756
4926,753
4926,753
4926,757
4926,759
4926,759
4926,759
4927,753
4927,756
4927,756
4928,757
4929,757
4930,119
4932,199
4933,204
4933,752
4933,751
4933,751
4933,84
4934,760
4936,84
4936,751
4936,570
4938,119
4939,570
4939,758
4940,753
4940,570
4941,753
4941,570
4942,119
4943,756
4944,119
4945,751
4946,84
4948,753
4950,84
4952,191
4952,751
4953,761
4953,751
4954,119
4955,119
4956,84
4956,84
4957,119
4958,119
4962,762
4962,763
4962,764
4963,107
4966,107
4967,107
4968,107
4969,107
4970,107
4973,107
4974,765
4978,766
4980,436
4981,200
4981,491
4981,491
4981,493
4981,491
4986,491
4989,491
4991,491
4993,491
4993,491
4994,491
4996,491
4998,491
4999,491
5000,191
5000,158
5001,491
5004,491
5005,191
5005,158
5006,491
5009,491
5010,206
5012,206
5013,114
5014,436
5014,206
5015,313
5015,767
5016,767
5017,206
5020,715
5020,206
5021,206
5022,206
5023,206
5025,206
5028,646
5029,191
5030,206
5030,206
5031,206
5033,206
5034,191
5034,206
5035,491
5036,768
5038,206
5039,206
5040,191
5040,206
5041,491
5042,768
5044,206
5045,206
5046,114
5047,436
5047,206
5048,313
5048,767
5049,767
5049,84
5051,114
5052,436
5052,206
5053,313
5053,767
5054,767
5054,84
5056,191
5056,206
5057,769
5058,206
5060,206
5061,191
5062,206
5063,206
5065,770
5066,206
5068,206
5069,206
5074,206
5075,191
5076,12
5076,206
5076,206
5077,78
5078,206
5079,191
5079,206
5080,771
5081,143
5082,771
5084,771
5085,191
5086,436
5086,206
5086,293
5087,363
5089,363
5090,191
5090,292
5090,206
5090,772
5090,773
5090,491
5091,202
5094,206
5095,774
5096,206
5096,206
5097,206
5099,206
5100,225
5100,206
5101,206
5104,206
5105,191
5106,206
5106,775
5106,776
5107,206
5108,777
5109,206
5111,206
5112,44
5112,491
5113,491
5114,778
5115,491
5116,191
5118,491
5121,778
5122,206
5123,191
5124,436
5124,206
5124,491
5126,491
5128,491
5129,191
5134,491
5135,496
5136,206
5139,206
5141,206
5143,206
5145,206
5146,779
5146,206
5147,206
5149,311
5149,206
5150,206
5153,206
5155,208
5156,208
5157,225
5158,437
5159,579
5160,438
5161,438
5162,438
5163,438
5164,580
5166,780
5167,780
5168,500
5170,781
5171,781
5175,372
5176,782
5179,677
5180,782
5182,783
5184,158
5188,159
5189,784
5191,784
5192,784
5193,784
5195,784
5197,785
5198,786
5202,787
5204,786
5205,12
5205,678
5205,788
5205,412
5205,412
5205,106
5206,442
5207,442
5208,184
5212,442
5214,296
5216,789
5216,790
5218,166
5219,191
5220,267
5225,80
5227,191
5229,80
5230,80
5231,80
5232,80
5233,80
5234,80
5235,80
5238,791
5241,791
5244,792
5248,792
5249,793
5250,792
5254,791
5255,794
5255,98
5256,794
5256,80
5256,98
5259,794
5263,191
5266,444
5267,444
5269,444
5270,444
5273,686
5274,795
5275,796
5276,796
5278,128
5280,797
5281,797
5282,588
5284,588
5285,588
5287,588
5288,588
5289,588
5295,588
5296,588
5298,588
5299,798
5299,799
5300,800
5301,800
5304,800
5305,800
5307,800
5308,800
5310,800
5312,801
5314,801
5316,801
5319,587
5320,229
5321,587
5323,128
5326,587
5329,802
5330,802
5332,221
5333,802
5334,781
5335,802
5336,221
5337,802
5339,803
5342,804
5346,223
5347,223
5349,223
5350,223
5355,805
5356,806
5358,807
5361,223
5362,447
5365,223
5366,223
5368,223
5370,808
5371,180
5372,402
5373,399
5374,449
5375,809
5376,810
5377,450
5378,811
5379,690
5380,812
5381,813
5383,813
5385,813
5387,813
5389,296
5389,460
5389,459
5389,459
5389,271
5389,102
5389,459
5390,459
5391,271
5394,319
5397,591
5399,541
5400,541
5401,541
5404,136
5406,136
5407,136
5408,136
5409,136
5410,136
5411,136
5412,136
5415,136
5416,814
5417,815
5418,814
5420,814
5421,816
5423,816
5424,816
5425,816
5427,816
5428,816
5430,816
5431,816
5433,816
5434,454
5435,817
5436,454
5438,454
5439,818
5440,818
5442,191
5444,539
5446,460
5448,460
5451,460
5453,819
5456,460
5458,272
5458,87
5463,706
5466,820
5467,820
5468,820
5469,820
5470,820
5479,230
5479,821
5479,822
5479,823
5480,820
5481,820
5482,820
5484,820
5485,824
5489,820
5490,706
5492,230
5492,823
5493,706
5493,825
5496,84
5498,826
5498,827
5498,828
5499,829
5500,830
5501,820
5502,831
5503,820
5504,191
5504,15
5505,832
5508,833
5510,833
5511,833
5513,833
5514,833
5516,557
5517,557
5518,557
5520,557
5522,557
5524,834
5525,474
5527,474
5529,474
5531,474
5535,474
5536,474
5538,474
5540,474
5541,474
5542,474
5543,474
5544,474
5548,184
5549,474
5550,474
5554,474
5555,474
5557,474
5558,835
5559,835
5560,835
5561,835
5561,836
5563,835
5563,835
5568,835
5571,835
5572,837
5574,838
5574,839
5576,840
5576,841
5577,839
5578,839
5580,839
5581,838
5581,839
5584,839
5585,470
5586,470
5588,76
5588,240
5588,240
5589,337
5589,842
5591,245
5592,245
5594,245
5596,174
5597,174
5599,843
5599,840
5599,5
5599,623
5599,5
5601,830
5601,5
5601,627
5603,627
5604,844
5605,844
5606,844
5607,844
5608,844
5612,843
5614,844
5616,844
5618,844
5622,277
5623,277
5632,328
5633,845
5635,328
5637,328
5638,846
5640,328
5642,328
5644,476
5651,561
5652,561
5653,561
5654,561
5656,847
5657,847
5658,35
5658,847
5659,847
5660,847
5661,847
5664,847
5666,847
5668,847
5669,847
5671,847
5672,847
5675,69
5675,92
5677,92
5678,848
5680,35
5680,92
5683,191
5684,387
5685,849
5686,850
5687,850
5689,851
5690,851
5691,851
5693,851
5696,851
5697,851
5698,851
5700,191
5702,852
5703,852
5705,852
5707,191
5707,389
5707,853
5707,854
5708,389
5709,389
5711,389
5712,191
5712,389
5715,389
5716,191
5718,855
5721,856
5722,855
5723,191
5724,855
5724,855
5725,855
5731,191
5731,774
5732,855
5733,857
5734,855
5736,858
5737,855
5740,859
5741,855
5741,855
5742,604
5743,855
5746,855
5748,855
5749,859
5750,855
5750,855
5753,855
5755,855
5757,860
5758,855
5761,861
5762,862
5765,862
5767,862
5769,862
5771,863
5772,863
5775,863
5777,864
5778,191
5779,191
5781,865
5782,865
5783,865
5784,865
5785,865
5788,865
5790,563
5791,563
5792,563
5794,866
5794,867
5794,866
5794,868
5794,87
5794,87
5796,87
5797,866
5798,866
5801,866
5801,866
5802,352
5802,119
5802,119
5802,353
5803,354
5804,354
5805,84
5805,353
5805,298
5805,353
5805,84
5806,354
5807,869
5808,869
5810,869
5811,869
5813,869
5814,869
5816,869
5817,191
5818,870
5820,100
5821,100
5822,100
5823,100
5824,100
5825,100
5826,100
5827,100
5828,100
5829,871
5830,871
5831,871
5832,190
5834,206
5835,205
5836,206
5838,206
5839,206
5840,206
5841,206
5842,871
5843,871
5844,871
5845,137
5847,137
5849,137
5852,741
5857,872
5858,741
5859,741
5864,740
5865,740
5866,740
5869,481
5870,481
5871,481
5873,740
5874,740
5875,740
5878,481
5879,481
5880,481
5882,541
5883,642
5885,35
5886,137
5887,137
5892,873
5893,98
5894,874
5896,875
5896,875
5897,876
5900,184
5901,356
5902,356
5903,356
5904,356
5905,356
5906,356
5907,356
5910,356
5911,356
5912,356
5914,130
5915,130
5915,877
5916,152
5917,152
5919,130
5920,878
5920,130
5921,130
5922,130
5923,130
5925,130
5926,130
5927,879
5927,130
5928,130
5929,130
5930,130
5931,880
5932,880
5932,881
5932,880
5933,130
5934,130
5935,130
5936,130
5937,130
5938,130
5939,130
5941,130
5944,145
5944,152
5944,193
5944,193
5944,194
5944,130
5944,130
5945,458
5945,130
5947,313
5948,130
5949,358
5950,358
5952,358
5953,119
5954,191
5955,152
5956,882
5956,641
5957,358
5958,358
5959,883
5960,883
5961,883
5963,883
5964,138
5966,138
5967,138
5968,138
5970,138
5971,138
5972,138
5973,138
5974,138
5975,138
5977,207
5977,205
5977,884
5978,206
5979,207
5979,884
5980,206
5981,206
5982,206
5983,772
5985,206
5986,190
5988,206
5989,205
5990,206
5992,206
5993,206
5994,206
5995,206
5996,206
5999,206
6001,206
6003,206
6005,206
6006,206
6012,292
6013,292
6014,206
6017,292
6018,497
6019,365
6020,885
6022,208
6023,886
6024,887
6025,498
6026,438
6027,438
6028,438
6029,438
6030,654
6031,654
6032,654
6033,654
6034,580
6035,871
6036,871
6037,871
6038,119
6039,888
6040,12
6041,888
6042,774
6042,5
6042,517
6042,517
6042,517
6042,305
6045,27
6045,216
6045,191
6045,216
6046,224
6046,305
6046,305
6047,191
6047,311
6047,391
6048,392
6048,311
6049,311
6051,889
6052,786
6053,786
6054,786
6056,786
6061,266
6065,191
6067,80
6068,80
6070,80
6071,394
6073,394
6075,890
6076,891
6080,892
6080,893
6081,894
6084,177
6085,177
6086,177
6087,177
6088,177
6089,177
6092,178
6093,178
6096,178
6097,895
6098,895
6100,895
6101,895
6102,895
6103,895
6104,895
6106,895
6108,896
6113,896
6116,800
6117,800
6118,800
6119,223
6120,223
6121,223
6122,223
6123,223
6125,447
6126,447
6127,223
6128,223
6129,223
6133,223
6134,223
6135,447
6136,447
6137,223
6139,223
6141,223
6142,223
6143,587
6146,587
6149,897
6150,897
6151,897
6152,898
6154,898
6155,62
6157,898
6159,899
6160,268
6163,268
6164,62
6166,898
6167,221
6168,221
6168,84
6170,497
6171,168
6175,168
6179,900
6180,191
6181,901
6184,901
6186,901
6187,901
6189,901
6192,901
6194,902
6195,191
6196,224
6197,903
6198,903
6199,902
6200,904
6202,904
6203,905
6205,906
6206,808
6207,808
6208,691
6209,225
6211,451
6212,451
6213,907
6214,907
6216,907
6217,908
6218,908
6219,909
6221,910
6222,910
6223,911
6224,449
6225,912
6226,171
6227,171
6228,179
6229,171
6230,191
6231,912
6232,809
6235,913
6236,914
6237,915
6238,318
6239,916
6240,811
6241,811
6243,917
6245,918
6246,35
6246,134
6247,699
6248,35
6248,134
6249,191
6251,454
6252,454
6253,454
6254,454
6255,454
6256,136
6257,136
6260,136
6265,191
6265,182
6268,919
6269,919
6270,919
6271,182
6272,919
6275,184
6277,920
6278,920
6283,546
6284,921
6284,191
6284,15
6285,595
6289,15
6292,922
6293,421
6295,421
6301,119
6302,421
6309,923
6312,924
6316,925
6317,925
6318,926
6318,779
6318,779
6318,927
6318,720
6320,720
6321,719
6325,720
6326,720
6328,928
6328,929
6328,728
6328,728
6328,728
6328,930
6328,930
6328,930
6328,931
6328,930
6328,931
6328,932
6329,932
6330,931
6331,932
6332,930
6333,474
6333,474
6334,932
6335,474
6337,932
6339,932
6340,932
6342,474
6343,474
6344,474
6346,474
6347,474
6348,474
6349,474
6350,474
6351,474
6352,337
6354,474
6355,89
6356,474
6357,474
6358,474
6360,933
6361,933
6362,933
6363,933
6368,238
6370,235
6375,934
6378,235
6381,935
6383,125
6385,125
6387,125
6392,618
6393,618
6394,618
6395,618
6397,225
6398,190
6398,936
6407,618
6410,184
6415,245
6417,245
6420,78
6423,470
6425,470
6428,173
6429,173
6430,726
6431,174
6433,174
6435,174
6437,174
6439,174
6443,143
6445,337
6446,173
6453,470
6456,730
6457,730
6458,730
6459,730
6460,730
6461,730
6462,730
6466,277
6467,473
6467,277
6468,844
6469,844
6471,844
6472,844
6474,277
6475,277
6479,191
6479,6
6479,6
6479,728
6480,937
6481,937
6483,937
6486,937
6488,937
6489,851
6491,938
6491,938
6492,939
6493,940
6494,939
6498,939
6499,52
6501,941
6501,942
6501,943
6504,944
6506,944
6512,945
6513,945
6513,946
6514,945
6514,946
6514,945
6514,727
6514,945
6514,946
6515,947
6515,945
6515,727
6515,945
6516,945
6516,945
6516,946
6516,945
6516,945
6517,945
6517,727
6517,945
6518,945
6519,948
6521,949
6522,950
6524,950
6525,1
6528,632
6529,344
6531,344
6533,344
6535,344
6538,119
6541,951
6541,952
6542,951
6544,951
6546,637
6548,637
6552,637
6554,100
6555,100
6556,100
6557,100
6558,953
6559,953
6560,953
6561,261
6562,953
6563,953
6564,953
6565,261
6566,954
6572,261
6574,953
6575,953
6576,953
6577,261
6578,888
6579,888
6580,888
6581,137
6583,434
6584,955
6586,955
6589,955
6590,956
6591,955
6592,955
6593,955
6595,273
6596,955
6599,955
6600,955
6604,955
6606,955
6609,955
6611,191
6612,160
6612,955
6613,955
6616,955
6617,955
6619,955
6622,955
6625,955
6628,955
6629,191
6631,626
6633,191
6634,957
6634,626
6635,191
6635,626
6635,957
6635,626
6636,191
6636,436
6637,626
6639,871
6641,958
6648,39
6648,959
6653,960
6654,960
6655,960
6656,960
6657,960
6658,39
6659,356
6660,356
6663,356
6665,356
6666,191
6667,356
6669,356
6671,356
6673,356
6674,356
6675,356
6677,356
6678,356
6679,954
6684,726
6684,961
6685,174
6687,962
6689,14
6694,87
6694,963
6696,119
6697,191
6697,206
6698,964
6699,965
6700,965
6701,965
6703,965
6705,965
6706,191
6709,491
6711,491
6714,491
6716,491
6718,491
6720,966
6720,967
6720,966
6720,968
6721,202
6722,491
6725,78
6728,491
6729,871
6730,191
6731,969
6732,970
6735,652
6736,971
6738,652
6739,772
6739,772
6739,772
6739,290
6740,206
6742,206
6743,206
6746,206
6747,206
6750,206
6751,365
6752,497
6753,365
6754,345
6755,345
6756,972
6757,972
6758,498
6759,498
6760,579
6761,579
6762,438
6763,438
6764,438
6765,438
6766,654
6767,654
6768,580
6769,580
6770,580
6771,580
6772,580
6773,580
6774,500
6775,973
6776,888
6777,888
6778,888
6779,366
6780,366
6781,366
6782,366
6784,367
6784,367
6787,84
6788,191
6790,191
6791,974
6792,191
6793,84
6795,191
6799,502
6800,502
6801,210
6803,502
6805,191
6806,84
6810,210
6811,191
6812,502
6814,84
6816,774
6816,305
6817,256
6818,975
6818,191
6819,975
6820,975
6823,975
6826,975
6827,191
6827,216
6827,976
6827,977
6828,977
6829,977
6830,977
6834,290
6834,978
6836,305
6836,84
6836,305
6837,515
6838,191
6838,305
6839,515
6841,515
6842,774
6844,305
6844,84
6844,305
6844,84
6844,305
6844,84
6845,515
6847,515
6848,515
6849,515
6850,515
6852,515
6853,305
6855,515
6856,515
6857,305
6858,515
6859,515
6861,515
6862,305
6863,683
6864,515
6865,191
6865,305
6865,514
6867,514
6868,774
6869,514
6870,514
6873,305
6876,514
6877,191
6880,979
6882,979
6883,979
6884,979
6885,305
6885,84
6886,979
6887,191
6890,256
6890,305
6890,84
6891,979
6892,195
6892,305
6892,980
6893,305
6893,84
6894,979
6896,305
6897,979
6898,979
6899,979
6904,979
6907,979
6908,305
6909,979
6910,305
6911,979
6913,306
6914,306
6916,306
6918,306
6920,306
6921,191
6924,306
6926,306
6927,306
6929,306
6930,306
6931,306
6932,191
6933,306
6934,210
6934,210
6934,305
6937,306
6938,981
6939,981
6942,981
6943,982
6944,981
6945,981
6947,981
6948,981
6950,981
6951,191
6952,981
6953,981
6954,981
6955,981
6957,981
6958,224
6958,305
6958,305
6959,981
6960,256
6960,983
6963,981
6964,981
6965,981
6966,981
6967,683
6969,981
6972,981
6973,981
6977,981
6978,981
6979,981
6980,296
6981,981
6982,669
6984,981
6985,981
6987,981
6989,981
6993,981
6994,27
6994,216
6994,191
6994,216
6995,27
6995,106
6995,191
6995,305
6996,981
6998,981
6999,191
7000,984
7001,985
7005,984
7007,984
7011,986
7013,984
7015,984
7016,984
7017,984
7018,984
7019,987
7020,984
7021,191
7022,463
7027,984
7028,984
7031,984
7032,984
7033,984
7034,984
7035,984
7036,984
7037,984
7040,984
7042,988
7043,989
7044,984
7045,5
7046,984
7048,984
7049,984
7050,984
7055,984
7056,12
7057,984
7061,515
7062,990
7063,515
7065,990
7065,991
7066,515
7068,515
7071,515
7072,515
7074,515
7075,305
7077,774
7077,305
7077,992
7078,993
7079,515
7081,515
7083,515
7084,515
7086,515
7088,515
7089,515
7090,515
7091,515
7093,515
7094,305
7095,515
7098,515
7099,305
7103,191
7104,994
7106,515
7107,515
7108,515
7110,515
7111,515
7113,995
7113,305
7114,515
7117,515
7119,515
7121,515
7122,128
7122,305
7123,515
7124,981
7125,515
7126,981
7127,515
7128,981
7129,515
7131,515
7133,305
7134,305
7135,305
7136,515
7138,515
7139,515
7140,515
7142,515
7144,515
7145,515
7146,996
7149,515
7150,871
7152,305
7153,305
7154,997
7155,305
7156,998
7157,998
7159,998
7161,999
7162,998
7165,999
7166,998
7167,998
7168,216
7168,998
7168,998
7169,1000
7170,998
7171,1001
7171,774
7171,774
7171,774
7171,305
7171,305
7171,998
7173,998
7174,998
7175,998
7180,998
7181,430
7181,774
7182,774
7182,905
7182,905
7183,998
7183,191
7184,998
7185,745
7186,998
7187,998
7188,998
7189,998
7191,998
7192,39
7192,998
7193,998
7194,998
7196,1002
7198,998
7199,998
7200,998
7201,998
7202,225
7203,998
7204,998
7206,998
7208,998
7209,998
7211,998
7212,998
7213,998
7214,998
7215,305
7217,981
7217,981
7218,981
7219,191
7221,1003
7223,11
7223,216
7224,216
7225,1003
7226,1003
7227,1003
7229,11
7229,216
7230,216
7231,1003
7232,1003
7235,374
7235,1004
7236,372
7237,783
7240,158
7242,158
7243,158
7245,158
7246,158
7248,307
7250,191
7255,187
7256,770
7256,311
7257,311
7258,191
7258,160
7258,70
7259,311
7259,391
7260,311
7261,124
7264,266
7265,266
7267,80
7268,80
7269,80
7272,80
7273,80
7274,80
7277,80
7278,1005
7279,1006
7280,80
7281,80
7282,430
7282,191
7283,80
7284,523
7285,523
7287,124
7289,124
7291,1007
7292,1007
7299,584
7300,584
7301,166
7301,166
7302,166
7303,1008
7307,1008
7308,1008
7313,1009
7315,1009
7318,394
7319,394
7323,394
7325,1010
7325,1011
7325,1012
7325,1013
7327,80
7327,1012
7327,685
7327,1012
7327,1014
7328,685
7329,1015
7330,685
7331,685
7333,685
7334,685
7335,1016
7336,1016
7337,686
7338,686
7339,610
7340,686
7341,796
7342,686
7343,1017
7344,1017
7345,1017
7346,954
7352,261
7354,953
7355,953
7356,953
7357,261
7358,953
7359,953
7360,953
7361,261
7362,1018
7363,1019
7365,1019
7366,1019
7367,1020
7368,261
7371,1021
7372,1021
7372,261
7373,1022
7376,1023
7376,1024
7377,1025
7379,1025
7380,1026
7381,1027
7381,721
7382,1026
7383,1026
7385,403
7387,403
7388,1028
7388,1029
7388,721
7388,1026
7388,1026
7389,808
7391,78
7393,253
7398,276
7401,906
7403,1030
7406,1031
7408,1031
7410,819
7411,1032
7411,460
7411,320
7413,1033
7414,1034
7417,813
7418,1034
7419,813
7420,813
7422,319
7423,191
7426,319
7428,319
7430,541
7432,541
7433,191
7434,460
7435,460
7435,541
7437,541
7438,191
7439,460
7440,460
7440,541
7442,541
7443,191
7444,1035
7446,1035
7448,456
7450,456
7452,456
7454,456
7456,191
7457,1036
7458,1036
7459,319
7461,319
7463,319
7464,319
7465,319
7467,319
7468,78
7469,1037
7471,319
7472,456
7474,541
7476,541
7477,191
7478,1038
7480,1038
7482,541
7486,591
7487,591
7490,591
7492,591
7493,319
7495,319
7497,319
7498,319
7499,319
7501,319
7503,319
7504,541
7505,541
7507,541
7508,1039
7509,541
7510,541
7513,541
7514,47
7515,1037
7517,1037
7520,1037
7522,1037
7524,134
7525,699
7526,134
7527,134
7528,134
7530,1040
7531,1040
7534,1040
7536,1040
7538,1040
7540,1040
7542,1040
7543,136
7544,136
7545,136
7547,136
7548,136
7549,136
7550,136
7552,136
7553,453
7554,453
7557,453
7558,453
7560,453
7561,453
7563,1041
7566,1042
7567,1042
7571,182
7572,1042
7574,1042
7575,544
7575,182
7576,1042
7579,1043
7580,1043
7581,1043
7582,1043
7586,182
7587,1043
7588,1043
7589,1043
7590,544
7590,182
7591,1043
7592,321
7593,321
7595,322
7596,322
7597,322
7598,322
7599,321
7601,700
7603,700
7605,700
7608,700
7610,1044
7611,1044
7612,1044
7613,1044
7616,1045
7617,1046
7617,1047
7618,1044
7619,1044
7621,706
7621,106
7621,1048
7623,1044
7624,1044
7625,706
7626,706
7626,706
7626,710
7626,1049
7627,708
7628,708
7629,708
7630,708
7630,168
7631,706
7632,706
7633,708
7634,708
7635,229
7636,1050
7636,1051
7636,1050
7636,467
7642,546
7643,12
7643,547
7643,548
7643,230
7647,549
7650,1052
7651,546
7653,546
7654,546
7655,614
7655,191
7656,1053
7658,614
7659,614
7661,614
7662,614
7666,421
7667,421
7671,421
7672,601
7673,602
7675,421
7676,1054
7676,641
7678,421
7683,421
7687,421
7688,1055
7689,1055
7690,1055
7692,1056
7693,1056
7696,627
7696,235
7696,235
7699,1057
7701,5
7703,470
7705,470
7706,469
7707,470
7708,470
7709,14
7709,627
7709,5
7711,5
7713,5
7715,470
7717,470
7718,469
7719,470
7725,125
7726,125
7727,125
7731,491
7733,245
7734,245
7737,627
7739,1058
7741,184
7742,1059
7746,1060
7748,470
7749,1061
7754,174
7757,473
7758,473
7761,473
7763,473
7767,245
7769,470
7770,627
7771,470
7772,470
7774,930
7775,1062
7777,1063
7779,470
7781,173
7784,1064
7787,726
7787,961
7788,174
7790,962
7792,14
7796,1065
7799,627
7799,728
7799,729
7800,1066
7804,1055
7805,1055
7806,1055
7807,1055
7808,1055
7809,955
7810,618
7812,955
7813,618
7815,618
7816,618
7820,245
7824,173
7825,173
7826,125
7828,125
7829,173
7830,173
7832,184
7833,173
7834,424
7836,125
7837,125
7838,469
7841,174
7843,174
7844,473
7845,473
7846,473
7848,174
7849,174
7851,174
7852,730
7854,730
7855,730
7856,730
7857,730
7859,730
7860,730
7861,730
7862,1067
7865,730
7868,627
7876,1068
7877,1068
7883,1068
7887,840
7887,1069
7888,839
7889,839
7891,839
7892,839
7895,1070
7896,839
7897,191
7898,627
7899,1071
7900,1071
7901,729
7902,1071
7905,1030
7908,561
7912,561
7915,937
7916,937
7917,937
7921,1072
7922,561
7923,561
7924,1073
7926,1073
7929,184
7929,1074
7930,1074
7932,1074
7933,184
7933,1075
7935,191
7935,1074
7937,1074
7938,69
7938,92
7938,848
7940,92
7943,92
7944,1076
7944,1077
7947,92
7949,1078
7949,1079
7950,1080
7950,218
7950,1078
7951,1078
7952,1081
7952,1082
7952,1
7954,1082
7954,1082
7954,1083
7955,1084
7957,1085
7958,1085
7960,1086
7960,1086
7961,1086
7963,1087
7965,1088
7966,1088
7968,1088
7969,1089
7970,1088
7973,118
7974,118
7975,118
7977,870
7978,870
7978,870
7979,118
7980,640
7980,870
7980,870
7981,870
7982,118
7983,640
7983,870
7983,893
7983,870
7984,640
7986,118
7988,118
7989,637
7990,637
7990,637
7990,637
7991,637
7991,637
7991,637
7991,640
7991,640
7993,62
7995,118
7996,118
7997,87
7997,1090
7998,118
7999,87
8000,118
8001,78
8002,632
8003,770
8003,1091
8003,1092
8004,118
8005,87
8005,143
8005,87
8005,87
8005,143
8006,1093
8006,1094
8006,1093
8006,1095
8006,87
8010,5
8010,1
8010,1
8010,153
8011,59
8011,59
8011,59
8013,555
8015,1096
8016,1096
8017,1096
8018,555
8020,1096
8021,1096
8022,1096
8023,1096
8026,1097
8028,1097
8029,1097
8030,1097
8032,1098
8035,119
8036,1099
8039,1099
8040,119
8040,1100
8040,1101
8042,1102
8043,1103
8046,184
8049,1099
8051,100
8052,100
8053,1
8054,100
8055,100
8056,100
8057,100
8059,100
8060,501
8061,501
8064,35
8065,1104
8067,35
8069,137
8072,137
8073,137
8074,137
8080,481
8087,356
8088,356
8091,1105
8092,356
8093,356
8094,356
8096,356
8097,356
8098,356
8100,356
8101,356
8102,356
8104,356
8105,1106
8106,1106
8108,1106
8109,1106
8110,1106
8111,1106
8112,1106
8115,160
8118,1107
8118,286
8119,130
8121,130
8122,130
8123,130
8124,130
8126,130
8127,1108
8127,130
8128,130
8129,130
8130,130
8131,130
8132,130
8133,130
8134,130
8135,130
8139,130
8141,130
8142,130
8143,130
8146,130
8147,130
8147,130
8147,1109
8147,1110
8148,130
8149,184
8151,130
8153,130
8155,130
8158,130
8163,130
8166,130
8168,130
8169,1111
8169,1112
8169,1113
8171,130
8171,130
8171,1114
8171,1115
8172,130
8173,1116
8174,130
8177,130
8178,1117
8178,1112
8178,1113
8179,145
8179,145
8180,1115
8181,130
8182,986
8182,1113
8182,191
8183,1113
8183,191
8184,130
8186,130
8189,130
8191,130
8194,130
8194,130
8195,130
8196,130
8196,1118
8197,130
8198,130
8199,130
8200,130
8201,130
8203,130
8206,130
8207,130
8208,130
8209,130
8210,130
8211,130
8212,130
8213,130
8215,130
8216,130
8218,130
8223,130
8225,130
8226,1119
8226,1119
8226,359
8226,191
8226,152
8226,1120
8226,152
8227,1121
8227,1122
8227,1112
8228,1112
8228,191
8228,130
8228,130
8229,130
8231,130
8232,1123
8233,1124
8235,358
8236,130
8238,130
8241,130
8242,130
8243,130
8245,130
8246,578
8247,364
8248,1125
8249,225
8250,498
8251,498
8252,438
8253,438
8254,438
8255,438
8256,438
8257,438
8258,438
8260,654
8261,500
8262,191
8263,781
8265,501
8266,501
8267,627
8267,195
8268,656
8269,656
8270,627
8270,195
8271,888
8272,888
8273,1126
8274,210
8274,516
8276,516
8278,1127
8279,114
8279,1127
8281,1127
8282,114
8284,502
8287,216
8288,216
8290,296
8291,219
8293,219
8296,219
8297,218
8299,219
8301,219
8302,216
8303,216
8304,219
8306,1128
8306,44
8307,216
8310,216
8312,513
8315,216
8316,513
8317,191
8319,1129
8320,1129
8321,160
8323,1129
8324,191
8326,1130
8329,191
8329,84
8333,782
8342,191
8342,1131
8344,159
8345,308
8346,191
8350,308
8352,308
8355,440
8357,412
8357,1132
8357,191
8357,1133
8357,1133
8357,1133
8358,1132
8359,128
8360,1132
8361,1
8362,1134
8362,1135
8365,113
8367,715
8368,308
8369,308
8370,159
8370,159
8370,1136
8382,786
8383,786
8385,196
8385,794
8386,792
8388,794
8389,792
8390,794
8391,443
8391,430
8395,1007
8396,191
8397,1137
8402,1138
8404,1138
8405,1138
8406,1138
8407,1138
8409,1138
8410,1138
8414,1138
8417,1138
8419,1138
8421,1138
8423,1138
8424,5
8424,1139
8426,444
8427,522
8428,444
8429,444
8432,444
8433,444
8434,1140
8434,1141
8434,176
8435,176
8436,176
8437,176
8438,176
8440,176
8441,176
8445,894
8446,894
8447,1142
8448,1142
8450,1143
8453,1144
8454,1144
8456,1144
8458,1144
8461,1144
8464,1144
8466,1144
8467,1144
8469,1144
8470,196
8471,1145
8473,1145
8474,588
8476,588
8478,588
8480,801
8483,801
8485,801
8486,896
8487,896
8489,896
8490,896
8492,896
8493,896
8494,896
8496,896
8497,1146
8498,1146
8499,1146
8501,1146
8503,1146
8509,1147
8510,956
8511,956
8513,956
8514,895
8515,895
8517,895
8518,1148
8519,1148
8521,1148
8522,1148
8524,487
8525,1149
8526,1149
8527,223
8529,223
8530,223
8531,223
8535,223
8537,223
8540,223
8543,223
8545,223
8547,223
8548,447
8549,223
8551,447
8552,447
8553,184
8554,447
8555,1150
8555,223
8557,223
8560,223
8563,587
8568,587
8571,587
8572,1151
8575,587
8580,802
8583,802
8586,1152
8588,296
8591,225
8593,268
8594,268
8597,904
8599,905
8601,1153
8602,1154
8603,1154
8604,270
8606,1154
8608,1155
8609,1154
8610,1154
8611,1154
8613,1154
8614,1154
8617,1154
8618,1156
8618,1157
8621,1158
8623,170
8623,171
8626,1159
8631,179
8632,179
8633,793
8634,1160
8635,450
8637,450
8638,450
8640,450
8643,688
8644,688
8645,688
8647,1161
8648,1153
8649,915
8650,915
8651,402
8652,1162
8653,1162
8655,1162
8657,816
8659,816
8660,1163
8661,5
8661,1164
8662,1165
8663,540
8665,1163
8666,872
8666,69
8666,1166
8666,1167
8669,1168
8670,675
8673,84
8673,455
8674,1169
8676,696
8679,622
8682,87
8683,1170
8687,1171
8689,1172
8691,1173
8694,5
8694,247
8696,1174
8696,1175
8702,44
8703,1176
8704,1176
8705,182
8706,1176
8707,543
8707,1177
8708,182
8708,182
8709,919
8712,543
8714,543
8715,191
8718,117
8719,191
8719,182
8719,115
8719,1178
8722,117
8723,114
8724,182
8726,116
8727,117
8729,182
8730,114
8732,117
8733,117
8734,117
8737,117
8738,114
8738,101
8738,182
8741,1179
8742,117
8743,191
8747,117
8748,191
8750,641
8751,117
8752,191
8753,1179
8754,117
8755,191
8756,1180
8756,1180
8756,1180
8756,1181
8758,117
8760,582
8760,191
8760,114
8761,101
8763,117
8764,191
8765,1182
8766,1182
8767,117
8768,191
8769,101
8769,182
8770,641
8771,117
8772,191
8773,774
8773,101
8773,182
8773,115
8774,641
8776,117
8777,114
8777,101
8777,101
8777,182
8777,115
8778,641
8779,117
8780,191
8782,117
8783,191
8785,117
8786,191
8788,117
8790,117
8792,117
8796,117
8797,191
8797,114
8797,101
8797,101
8797,115
8799,117
8800,191
8804,117
8806,101
8806,182
8809,1179
8810,117
8811,1183
8811,182
8813,117
8814,191
8815,115
8817,117
8822,117
8824,191
8825,117
8826,117
8828,117
8829,117
8830,1184
8830,1185
8833,1186
8835,1186
8839,700
8839,1187
8841,700
8842,1187
8843,700
8845,700
8846,700
8847,191
8847,1188
8847,1189
8848,1190
8848,153
8849,1191
8851,1192
8852,706
8853,1193
8853,1193
8853,1193
8853,1193
8853,1194
8854,1193
8855,1193
8855,1194
8855,1195
8855,1193
8855,1194
8856,1193
8856,1194
8856,1196
8857,1193
8859,553
8860,1106
8860,12
8862,1197
8863,1197
8865,1198
8869,124
8870,1199
8872,1199
8873,1199
8878,1200
8881,1201
8882,1202
8887,1202
8889,1202
8891,1202
8892,1202
8893,1203
8894,1202
8895,1202
8896,1202
8898,1202
8899,1202
8900,1202
8902,1202
8903,726
8907,726
8907,843
8908,627
8909,627
8909,491
8910,627
8910,225
8913,1204
8917,277
8920,843
8925,843
8928,173
8929,173
8930,173
8931,627
8935,618
8938,225
8941,5
8944,5
8944,936
8948,1205
8952,730
8953,730
8954,1206
8955,730
8958,698
8959,1207
8960,89
8961,1208
8961,402
8961,1209
8962,6
8962,6
8963,371
8964,928
8965,932
8966,932
8967,932
8968,928
8969,928
8969,929
8969,728
8969,728
8969,728
8969,930
8969,930
8969,930
8969,931
8969,931
8969,930
8970,932
8972,932
8973,557
8973,1210
8973,1211
8974,932
8975,932
8976,474
8977,932
8979,932
8980,932
8982,843
8982,627
8983,930
8983,474
8983,1212
8984,961
8985,474
8989,1213
8989,474
8990,184
8990,474
8991,474
8995,474
8996,474
8997,623
8997,623
8997,5
8998,627
8998,930
8998,930
9002,1214
9003,1214
9005,557
9006,1215
9006,1216
9007,557
9008,557
9009,557
9010,557
9011,557
9012,932
9014,928
9014,728
9014,728
9014,930
9015,474
9016,474
9018,474
9020,474
9021,474
9022,474
9023,474
9024,474
9026,76
9026,158
9027,1217
9028,1218
9029,277
9030,277
9030,641
9031,277
9032,277
9033,277
9033,277
9034,277
9036,277
9037,277
9038,277
9040,277
9042,277
9044,277
9045,1219
9047,328
9049,631
9051,631
9054,631
9056,631
9057,631
9058,1220
9059,631
9060,631
9065,631
9066,631
9069,1221
9070,1221
9076,1222
9076,1223
9076,1223
9078,242
9078,1224
9079,733
9080,733
9082,733
9083,733
9085,733
9087,5
9089,830
9089,476
9089,279
9091,278
9093,278
9094,278
9095,278
9096,278
9097,278
9099,278
9101,191
9101,1198
9101,627
9104,1225
9105,191
9107,69
9110,74
9111,1226
9113,1227
9114,1227
9117,1227
9117,298
9120,944
9122,944
9123,944
9124,1228
9127,859
9127,856
9127,855
9127,855
9130,855
9131,1229
9132,1229
9133,1229
9135,1229
9140,1229
9142,191
9142,1230
9144,1230
9146,1230
9147,1230
9148,191
9151,1099
9152,1099
9153,1103
9155,1099
9156,1231
9160,463
9161,1099
9164,1232
9165,1232
9166,1233
9168,1232
9171,1234
9173,1234
9174,1234
9175,1234
9176,1235
9177,1097
9178,1235
9178,1235
9179,1097
9180,1236
9180,1235
9182,1097
9184,1097
9186,1097
9188,1097
9190,1237
9192,1093
9192,1094
9192,1093
9192,1094
9193,118
9195,118
9198,118
9199,118
9200,118
9203,1238
9208,118
9209,1239
9210,190
9210,1240
9212,1241
9214,1242
9214,1243
9214,1244
9214,1244
9215,190
9216,98
9217,1245
9218,1246
9222,35
9223,137
9225,35
9226,137
9228,35
9229,137
9231,35
9233,137
9235,35
9236,565
9238,565
9239,35
9241,137
9242,137
9244,137
9245,35
9246,960
9248,162
9249,162
9250,1247
9251,162
9253,162
9256,162
9257,162
9258,162
9259,162
9260,1
9261,871
9262,162
9265,162
9266,356
9267,356
9271,1248
9273,356
9276,356
9277,356
9278,356
9279,1249
9281,356
9283,1250
9283,160
9286,1106
9287,1106
9288,1106
9289,1251
9290,1106
9292,1252
9294,1250
9294,160
9297,1106
9298,1106
9299,1106
9300,1251
9301,1106
9303,1252
9305,1250
9305,160
9308,1106
9309,1106
9310,1106
9311,1251
9312,1106
9314,1252
9315,1253
9315,1253
9315,1253
9315,428
9315,428
9316,487
9319,119
9320,1253
9320,1253
9320,428
9320,428
9323,363
9324,206
9327,206
9328,206
9330,206
9332,206
9333,206
9334,206
9336,206
9337,191
9337,206
9338,206
9339,206
9341,206
9343,576
9344,206
9345,191
9346,491
9346,776
9347,491
9348,491
9349,491
9350,191
9350,206
9350,491
9352,491
9355,491
9358,491
9359,191
9360,436
9362,491
9363,491
9365,491
9366,191
9366,206
9370,491
9374,491
9375,491
9376,491
9377,491
9378,491
9380,202
9382,202
9383,491
9385,491
9387,207
9388,206
9389,207
9389,205
9393,206
9395,206
9396,206
9397,206
9398,191
9399,206
9401,206
9403,206
9405,143
9406,206
9407,206
9409,206
9410,191
9410,292
9413,491
9415,491
9418,491
9419,491
9420,491
9422,491
9423,491
9424,779
9424,491
9425,491
9428,491
9430,491
9431,1254
9432,1254
9434,1254
9435,1254
9437,1254
9438,1254
9439,365
9440,365
9441,365
9442,887
9443,887
9446,1003
9448,296
9449,219
9451,219
9455,35
9455,408
9459,1255
9460,35
9460,408
9463,78
9463,1255
9464,1256
9464,372
9465,35
9465,408
9466,998
9467,998
9468,191
9469,295
9470,295
9472,295
9474,1257
9476,508
9478,508
9480,1258
9481,508
9482,508
9484,519
9485,519
9486,519
9487,519
9488,519
9489,519
9490,191
9490,1
9492,521
9493,521
9494,113
9495,113
9496,265
9497,265
9498,158
9500,113
9501,265
9502,113
9503,265
9503,191
9503,191
9504,113
9505,113
9508,265
9508,113
9509,264
9511,521
9512,264
9516,191
9517,393
9518,393
9519,191
9522,311
9523,191
9523,311
9523,392
9524,391
9527,311
9528,191
9528,311
9528,392
9529,391
9532,311
9533,191
9534,311
9535,311
9536,191
9536,160
9536,70
9537,311
9538,311
9540,191
9542,191
9544,191
9547,430
9549,80
9550,1198
9551,80
9552,80
9553,80
9554,80
9555,80
9556,430
9557,80
9558,191
9558,311
9558,392
9559,391
9562,312
9564,291
9564,443
9564,1259
9564,1259
9566,1259
9569,124
9570,124
9571,124
9573,291
9574,124
9575,89
9580,1260
9582,1261
9584,1262
9585,1262
9586,1263
9587,1264
9588,1264
9591,397
9592,397
9593,397
9594,397
9595,178
9596,178
9597,178
9598,178
9599,178
9600,178
9602,178
9603,178
9604,1265
9605,1265
9606,1265
9607,315
9609,315
9610,315
9612,315
9616,315
9617,315
9618,315
9619,224
9620,224
9621,224
9623,1144
9624,1144
9625,1144
9629,1266
9629,1144
9629,1267
9629,1144
9629,1268
9630,1144
9634,1144
9637,1144
9639,1144
9642,1144
9643,588
9644,588
9645,588
9646,588
9648,588
9651,588
9653,451
9654,1269
9654,1270
9656,1269
9657,911
9660,916
9661,1271
9662,916
9663,1271
9664,916
9665,1271
9666,916
9667,1271
9668,916
9669,1271
9670,916
9671,1271
9672,910
9673,910
9674,910
9675,533
9676,533
9677,910
9678,910
9679,171
9682,179
9684,179
9685,179
9686,179
9689,179
9690,179
9692,179
9693,191
9694,1272
9694,317
9694,1273
9695,1154
9695,1154
9696,1154
9696,1154
9698,1154
9700,532
9701,1274
9702,803
9703,273
9703,298
9706,1026
9707,1275
9708,1026
9709,1026
9714,403
9715,1028
9716,1028
9716,1029
9716,721
9716,1026
9716,1026
9717,1153
9723,270
9725,270
9726,270
9727,1276
9729,1276
9730,1277
9731,1277
9732,1277
9733,1277
9738,1278
9740,1278
9741,1279
9742,1278
9744,1278
9746,102
9748,1280
9749,1280
9750,1280
9752,1280
9754,181
9755,136
9756,136
9757,136
9758,136
9759,136
9762,136
9763,136
9764,1281
9765,1281
9766,1281
9767,1281
9768,102
9768,1282
9768,1283
9768,1283
9768,1284
9769,1281
9770,1285
9772,1281
9774,1286
9775,1286
9777,1286
9778,697
9780,134
9781,697
9782,697
9783,134
9783,298
9783,134
9784,697
9784,1198
9789,697
9790,697
9790,134
9791,918
9792,918
9793,918
9794,918
9795,35
9795,134
9796,918
9798,35
9798,134
9800,159
9800,190
9801,1287
9804,1287
9805,1287
9805,134
9806,1287
9807,1287
9808,1287
9809,1287
9811,1287
9811,567
9811,134
9811,134
9812,699
9813,699
9814,699
9815,699
9817,134
9818,35
9818,134
9820,1288
9829,1289
9831,1289
9832,191
9834,182
9835,191
9835,182
9836,919
9837,182
9838,191
9839,117
9841,117
9842,117
9843,117
9844,1276
9846,1276
9847,191
9847,115
9848,117
9850,117
9851,191
9851,115
9852,117
9854,117
9856,1290
9857,1290
9857,1290
9858,1290
9859,191
9859,182
9860,543
9861,543
9863,182
9864,191
9864,1043
9865,1043
9867,1043
9868,1043
9869,1043
9871,1043
9872,1043
9873,191
9875,1043
9876,1043
9877,216
9877,229
9879,325
9880,325
9881,229
9881,1291
9881,229
9882,1292
9882,1293
9882,1293
9882,1293
9882,1293
9883,1294
9884,1295
9885,1295
9886,1292
9886,1292
9886,1296
9886,1297
9886,1296
9886,1298
9886,1299
9886,1298
9886,1296
9886,1293
9888,1295
9889,1295
9890,1300
9890,1292
9890,1301
9890,1301
9890,1301
9891,1295
9892,1295
9893,1292
9893,1292
9894,1295
9896,1302
9898,1303
9898,67
9900,1044
9901,1044
9902,89
9903,468
9903,468
9903,106
9903,106
9904,1044
9906,1044
9906,1304
9909,1305
9912,1305
9915,1305
9917,1305
9922,1305
9924,700
9924,1187
9924,700
9926,700
9927,1306
9927,106
9927,1048
9928,1047
9929,1047
9930,1047
9931,89
9931,1047
9932,1307
9934,1047
9935,1047
9935,1047
9936,1308
9936,106
9937,1047
9939,1047
9940,1047
9941,1047
9941,1047
9942,191
9942,106
9943,594
9944,594
9945,1046
9946,594
9949,594
9951,191
9952,594
9953,594
9954,1046
9955,594
9956,594
9958,191
9958,106
9959,1309
9960,1310
9962,292
9962,151
9962,106
9963,1311
9964,1312
9964,1311
9964,1313
9964,1046
9964,1314
9964,1315
9965,1311
9966,1316
9967,721
9967,1316
9969,106
9972,412
9972,1317
9975,106
9976,594
9977,1318
9978,191
9978,106
9981,594
9984,1319
9985,594
9986,1320
9988,292
9989,1044
9989,1044
9990,1044
9992,594
9994,594
9995,594
9996,594
9998,191
9998,779
9999,14
9999,1045
9999,106
10002,1045
10003,594
10004,594
10005,1046
10006,594
10007,594
10011,594
10012,106
10014,594
10016,701
10018,1304
10019,1321
10020,1322
10020,1323
10021,1304
10022,106
10022,1324
10023,218
10024,191
10025,191
10026,594
10027,594
10028,594
10030,774
10031,151
10031,151
10031,106
10031,106
10032,1325
10032,1325
10032,1325
10033,1304
10034,1326
10036,1325
10037,1327
10037,106
10038,106
10038,1325
10041,594
10042,1318
10047,594
10048,1318
10049,151
10049,151
10049,151
10051,1325
10052,1327
10052,106
10053,1304
10055,106
10057,1046
10062,594
10063,594
10064,594
10066,594
10068,594
10069,594
10071,594
10073,594
10074,106
10075,594
10076,594
10077,594
10078,594
10079,106
10083,12
10085,1328
10086,594
10089,594
10092,594
10094,594
10097,1044
10098,1044
10100,106
10100,1329
10100,1329
10101,1329
10102,1044
10103,1044
10111,1330
10112,715
10112,106
10112,106
10113,1044
10115,1044
10117,1331
10119,1331
10123,594
10128,1332
10129,1189
10131,1333
10132,1189
10133,1188
10133,1188
10134,1188
10134,1188
10135,151
10136,229
10136,1188
10137,1189
10138,1333
10139,1189
10140,1188
10140,1188
10141,1188
10141,1188
10144,78
10145,1044
10146,1044
10149,700
10151,700
10152,700
10153,700
10154,1187
10155,700
10156,700
10159,1334
10162,1334
10164,1335
10168,1335
10170,1336
10171,1336
10172,1336
10174,1336
10175,1337
10176,1338
10177,311
10177,627
10177,627
10178,627
10178,1339
10179,85
10180,1340
10180,1341
10181,85
10185,277
10186,277
10188,277
10192,277
10194,277
10203,277
10205,277
10206,277
10207,277
10210,277
10214,277
10217,6
10217,726
10220,726
10222,1342
10222,843
10225,1343
10226,1343
10228,1343
10231,1343
10231,843
10232,1343
10233,1343
10234,1343
10235,1343
10238,1343
10238,843
10239,1343
10242,1343
10243,1343
10246,1343
10246,843
10247,1343
10248,1343
10249,1343
10250,1343
10251,1343
10253,1343
10255,1343
10255,843
10256,1344
10256,182
10257,182
10259,313
10260,1345
10260,6
10260,1346
10261,313
10261,1347
10261,627
10261,477
10262,1348
10264,730
10265,477
10265,477
10265,728
10265,728
10266,728
10267,730
10268,730
10269,730
10272,728
10275,698
10276,698
10277,698
10281,1205
10281,1349
10282,1205
10284,1205
10284,1349
10284,1350
10285,1205
10289,627
10289,1351
10290,1352
10297,191
10298,1339
10299,470
10302,627
10302,936
10303,1341
10304,470
10305,1353
10308,627
10308,936
10309,1341
10310,470
10311,1353
10313,173
10314,173
10316,173
10317,173
10319,627
10319,936
10320,1341
10321,173
10328,935
10333,935
10335,463
10335,87
10339,935
10340,463
10340,87
10343,245
10351,245
10354,1354
10355,1354
10357,245
10360,245
10363,470
10366,173
10367,173
10369,173
10370,173
10374,470
10375,173
10376,173
10377,627
10379,1355
10381,173
10388,245
10391,1356
10394,1356
10398,173
10400,715
10401,160
10403,627
10404,191
10408,245
10412,1357
10414,245
10418,1358
10418,479
10419,245
10422,627
10423,627
10427,245
10434,125
10436,478
10441,478
10442,478
10443,478
10446,478
10448,478
10449,478
10450,1359
10451,1072
10455,1359
10456,476
10457,476
10458,476
10460,476
10462,1360
10465,1023
10466,561
10467,937
10469,937
10470,937
10471,937
10472,1361
10482,937
10496,937
10497,1362
10507,561
10511,476
10512,476
10513,5
10513,476
10513,476
10514,476
10515,5
10516,476
10517,476
10518,1360
10522,561
10527,561
10528,627
10531,1363
10532,69
10533,98
10533,69
10534,1364
10535,1364
10536,1364
10537,1364
10538,69
10539,6
10540,476
10540,6
10540,1365
10541,6
10542,6
10543,621
10543,6
10545,6
10547,1073
10549,1073
10550,1073
10551,1073
10552,1073
10554,1073
10555,582
10556,1366
10556,1367
10557,1368
10560,1369
10563,1370
10563,1370
10566,1371
10568,1372
10568,1373
10568,1374
10569,1373
10569,1375
10569,1376
10569,1377
10569,1376
10570,1371
10571,1378
10571,1373
10572,1371
10573,256
10574,1371
10575,1371
10577,1370
10580,191
10582,1379
10585,1380
10585,1381
10588,469
10589,6
10590,6
10592,6
10593,6
10594,6
10597,191
10598,80
10599,1382
10600,1383
10602,52
10602,1384
10602,191
10603,52
10603,52
10603,864
10604,851
10605,1385
10607,52
10607,52
10608,191
10608,1230
10610,1383
10612,1383
10613,1383
10614,1234
10615,1234
10616,1386
10616,1386
10618,1234
10619,1234
10620,1234
10621,191
10622,859
10624,1387
10625,1388
10626,1389
10627,1388
10627,1388
10628,1389
10630,1361
10630,27
10630,779
10630,218
10630,59
10630,59
10630,59
10633,1389
10635,1389
10636,59
10637,1389
10639,1390
10641,1389
10642,1389
10655,1078
10655,1079
10656,1080
10656,218
10656,1078
10657,1391
10658,1081
10658,1082
10658,1
10660,1082
10660,1083
10661,1391
10662,1391
10663,1391
10664,191
10664,1240
10664,1392
10664,1393
10664,119
10664,119
10665,1240
10668,1275
10669,1241
10670,39
10670,1240
10671,489
10671,1394
10672,1395
10674,1241
10676,1241
10677,1396
10677,1240
10677,1397
10679,1241
10681,191
10681,119
10681,1240
10685,1241
10687,1241
10688,1241
10689,1241
10691,151
10693,1241
10695,191
10696,1398
10699,195
10699,1240
10699,1399
10699,151
10701,1400
10702,1401
10703,1402
10703,1240
10704,1240
10704,1402
10705,753
10706,1240
10707,753
10708,191
10708,859
10709,1241
10710,78
10711,1241
10712,1241
10713,1241
10715,1241
10717,1403
10717,1404
10717,121
10718,1405
10719,121
10719,121
10719,1406
10719,1407
10720,1405
10721,121
10722,119
10723,1408
10724,1408
10726,563
10727,563
10728,351
10729,351
10730,351
10731,351
10732,351
10734,351
10735,351
10736,351
10737,351
10739,1
10740,1
10741,81
10746,652
10748,1409
10750,1409
10754,137
10755,137
10758,137
10759,137
10760,137
10763,137
10765,35
10768,1410
10770,191
10772,1410
10773,191
10773,39
10774,1411
10774,1412
10774,1413
10776,1410
10778,1410
10780,1410
10782,1410
10783,1410
10785,1410
10786,1410
10788,1410
10790,1410
10791,1410
10792,1410
10794,1410
10796,1410
10797,1183
10797,39
10798,1410
10800,1410
10802,1410
10804,1410
10805,1414
10806,1410
10809,1410
10810,1410
10812,224
10813,1183
10813,1410
10814,1410
10815,1410
10816,1410
10817,1410
10820,1410
10821,1183
10821,1410
10822,1410
10823,1410
10824,1410
10828,1410
10829,1353
10830,1415
10831,1415
10833,1416
10834,955
10838,1415
10840,1415
10841,1415
10842,1415
10843,1415
10844,1415
10847,1415
10849,191
10850,162
10852,162
10854,162
10856,89
10857,162
10859,162
10861,162
10863,162
10864,162
10868,1417
10869,1417
10870,1417
10880,119
10881,1418
10882,1419
10886,119
10887,1418
10888,1420
10898,652
10900,292
10901,436
10902,965
10903,1198
10903,206
10905,491
10907,715
10909,491
10911,436
10911,206
10912,202
10914,206
10915,206
10916,191
10916,206
10917,202
10918,160
10919,37
10919,206
10920,202
10921,191
10922,436
10922,206
10923,767
10924,1421
10925,191
10925,491
10926,648
10927,191
10927,1422
10928,648
10929,191
10929,491
10931,491
10933,202
10934,191
10936,206
10937,491
10938,191
10939,436
10939,206
10940,767
10941,1421
10942,1421
10943,1421
10944,191
10944,206
10945,202
10947,202
10949,191
10950,39
10952,206
10953,206
10954,191
10956,772
10958,772
10959,191
10960,436
10960,206
10961,1423
10962,1423
10963,1423
10967,652
10968,652
10969,114
10970,652
10971,652
10972,191
10972,206
10975,1424
10976,191
10977,436
10979,491
10980,491
10981,191
10982,436
10982,436
10984,202
10986,202
10987,191
10988,436
10988,206
10990,491
10993,648
10995,648
10996,191
10998,1423
11000,1423
11001,191
11002,771
11003,771
11004,771
11006,771
11007,191
11008,436
11010,206
11011,191
11012,436
11012,206
11012,206
11013,491
11014,491
11015,576
11016,491
11017,576
11018,491
11019,191
11020,436
11020,206
11020,206
11021,1424
11022,1424
11024,1424
11025,1424
11028,206
11030,206
11032,206
11034,1425
11034,491
11035,491
11038,491
11039,98
11039,206
11039,491
11039,1426
11041,491
11043,491
11045,491
11047,715
11048,491
11050,491
11051,491
11053,491
11054,491
11056,491
11057,772
11059,772
11061,772
11062,184
11063,772
11064,772
11065,191
11065,206
11068,313
11071,206
11072,206
11074,191
11074,206
11075,206
11078,206
11079,292
11079,205
11081,206
11082,206
11083,206
11084,436
11084,206
11084,206
11085,491
11087,491
11089,491
11090,491
11092,491
11096,491
11097,191
11097,436
11097,206
11098,285
11099,202
11100,202
11102,202
11103,202
11104,202
11106,202
11107,191
11107,491
11108,491
11110,491
11111,191
11111,491
11113,491
11114,491
11115,191
11116,436
11116,206
11118,491
11120,491
11121,191
11121,491
11122,491
11123,491
11124,491
11125,191
11126,206
11127,206
11128,778
11129,206
11130,191
11131,436
11131,1427
11131,206
11131,206
11131,491
11132,491
11133,491
11134,491
11135,225
11135,206
11135,491
11137,491
11138,491
11141,491
11142,191
11142,491
11144,491
11146,778
11147,491
11149,491
11150,191
11151,436
11151,206
11152,143
11153,206
11155,206
11156,436
11157,293
11158,206
11159,206
11160,206
11162,206
11163,191
11163,206
11163,293
11165,363
11167,363
11168,363
11170,363
11171,191
11171,206
11174,313
11177,206
11181,1428
11181,206
11182,206
11184,206
11185,119
11187,1428
11187,206
11188,202
11191,202
11192,206
11192,98
11192,767
11192,191
11192,491
11192,491
11192,491
11193,826
11193,491
11193,1429
11193,491
11194,1430
11194,491
11194,1431
11194,1432
11194,206
11196,206
11198,206
11200,191
11201,436
11201,206
11201,491
11202,491
11204,491
11205,191
11206,436
11206,206
11206,491
11206,491
11208,491
11209,491
11211,491
11212,191
11213,202
11214,202
11215,202
11216,202
11217,202
11218,202
11219,202
11220,202
11221,202
11222,202
11223,1325
11223,12
11224,436
11224,206
11226,206
11227,206
11228,206
11229,1433
11230,206
11232,206
11235,206
11236,345
11237,345
11238,345
11239,345
11240,345
11241,345
11242,345
11243,345
11244,365
11245,365
11246,365
11247,365
11248,887
11249,887
11251,887
11252,887
11253,887
11254,887
11255,114
11255,1425
11258,1434
11262,1435
11264,1435
11266,1435
11267,1435
11269,1435
11271,211
11272,211
11274,211
11277,210
11279,210
11280,191
11282,213
11284,213
11286,504
11288,504
11289,1436
11291,1436
11294,1437
11296,1437
11297,1436
11298,1436
11300,1436
11301,979
11302,305
11303,979
11307,1438
11308,216
11308,298
11308,216
11309,219
11310,715
11311,216
11312,216
11315,216
11316,1438
11317,1439
11319,1438
11322,216
11323,1438
11324,191
11326,1440
11327,1441
11328,1441
11329,1441
11332,1442
11333,1442
11337,1442
11338,1442
11340,1442
11342,1442
11344,519
11345,519
11346,519
11347,519
11348,519
11349,519
11350,519
11351,519
11352,519
11353,519
11354,519
11355,519
11356,519
11357,519
11358,519
11359,519
11360,519
11361,519
11363,1443
11364,408
11365,1443
11367,408
11369,84
11369,408
11370,1255
11371,84
11371,408
11372,1255
11373,677
11374,1444
11375,1255
11376,408
11377,1255
11380,1255
11382,1255
11384,1445
11384,408
11385,1003
11388,1003
11391,1446
11393,1447
11395,1447
11396,5
11398,158
11398,1067
11398,158
11402,191
11402,1448
11403,1449
11404,1449
11405,191
11405,1448
11406,1449
11407,1449
11408,191
11410,1450
11411,1450
11412,1450
11418,191
11424,124
11425,124
11429,124
11430,124
11431,124
11433,191
11435,98
11435,388
11438,195
11440,1259
11442,1451
11442,443
11446,1259
11448,1259
11449,191
11449,12
11449,1137
11449,1137
11450,1452
11450,1453
11451,1137
11454,1454
11456,1455
11456,1456
11456,1457
11456,1455
11456,80
11456,1455
11457,1137
11459,1458
11460,1458
11462,1458
11465,443
11466,191
11466,779
11466,1459
11467,1460
11469,1460
11470,1460
11471,1460
11473,1461
11474,1461
11478,1462
11479,1143
11479,1142
11483,1463
11484,587
11488,898
11489,221
11490,898
11491,191
11492,897
11493,897
11495,191
11496,897
11497,897
11499,191
11500,221
11501,221
11503,221
11505,897
11506,897
11507,897
11508,897
11510,221
11512,268
11515,268
11516,268
11518,268
11519,1464
11519,268
11521,268
11522,1158
11523,916
11525,1158
11527,1158
11528,1158
11529,916
11530,1465
11531,1158
11532,1271
11533,1465
11534,253
11535,1466
11536,253
11537,1466
11538,191
11540,217
11542,1467
11545,1198
11547,808
11548,1468
11549,69
11549,69
11550,1469
11551,1469
11552,1469
11553,1469
11554,1469
11556,190
11557,191
11560,5
11564,696
11565,1470
11569,1470
11569,1470
11573,1471
11574,1472
11577,1472
11578,1472
11579,1472
11582,1472
11583,1472
11586,1162
11588,1162
11589,1473
11591,816
11593,816
11595,1474
11597,1474
11598,136
11601,136
11602,136
11604,815
11607,136
11609,136
11611,136
11614,1475
11615,136
11618,136
11619,453
11620,1476
11620,692
11620,692
11620,1477
11620,1478
11624,453
11625,1476
11625,692
11625,692
11625,1477
11625,1478
11626,1479
11629,453
11634,1480
11637,87
11639,1481
11641,1482
11645,774
11645,101
11646,1483
11648,182
11649,1483
11650,191
11651,1180
11651,1180
11651,1484
11651,182
11652,191
11653,1483
11656,1485
11656,1486
11657,185
11658,185
11659,1487
11659,182
11662,185
11663,185
11664,1484
11664,182
11665,191
11666,543
11667,182
11668,5
11669,1483
11670,544
11670,182
11671,544
11673,919
11674,296
11674,182
11676,296
11678,182
11679,191
11679,182
11679,182
11679,191
11680,919
11681,182
11682,182
11682,182
11682,182
11682,1488
11682,1488
11684,1488
11685,1489
11686,1276
11688,1276
11689,191
11689,216
11693,182
11693,182
11693,182
11693,1488
11693,1488
11694,1489
11697,1488
11698,1489
11699,1289
11701,1289
11702,1276
11704,1276
11705,191
11707,182
11708,191
11708,182
11709,919
11710,182
11711,1490
11711,229
11711,1490
11711,87
11712,190
11714,1491
11716,1186
11718,1186
11719,1186
11720,1186
11721,1186
11724,1186
11726,1302
11727,1186
11729,1492
11732,1186
11733,1186
11734,1186
11735,1186
11736,184
11737,1186
11738,1186
11740,1186
11745,1256
11745,1493
11746,1494
11747,1494
11750,1495
11750,1496
11750,1497
11752,770
11752,114
11752,191
11752,106
11752,106
11752,106
11752,106
11752,1498
11752,1499
11752,1500
11754,1499
11756,1499
11757,1499
11762,549
11762,12
11762,435
11763,546
11769,1501
11771,191
11771,774
11771,119
11771,119
11771,421
11772,1502
11773,1502
11775,1502
11779,923
11786,1503
11787,1504
11788,421
11789,98
11789,567
11789,1505
11789,601
11790,602
11795,1501
11798,313
11802,1506
11803,1501
11805,191
11806,1507
11806,1508
11808,15
11811,15
11813,81
11813,191
11813,555
11813,555
11815,555
11816,555
11818,81
11818,191
11818,555
11818,555
11820,555
11821,555
11824,15
11824,555
11826,128
11829,15
11829,15
11829,555
11830,555
11831,555
11833,555
11836,1509
11837,1509
11839,1509
11841,1509
11842,1509
11847,925
11852,925
11855,1510
11856,1510
11858,1510
11860,1510
11862,1510
11863,1510
11864,1510
11866,1510
11867,1510
11868,1510
11869,1510
11871,1511
11871,15
11871,15
11871,15
11871,555
11871,555
11871,555
11872,1512
11872,1513
11872,1514
11872,1515
11874,1516
11877,39
11877,761
11878,151
11878,15
11879,555
11879,555
11879,1517
11880,1518
11883,1516
11886,924
11889,925
11890,555
11894,925
11895,555
11896,924
11899,925
11900,925
11901,924
11902,925
11906,925
11908,191
11910,1519
11911,98
11911,191
11912,1520
11912,1521
11912,1522
11913,1523
11913,1524
11914,1524
11915,191
11916,1507
11916,1508
11918,1501
11921,1501
11923,44
11924,44
11926,1055
11928,729
11933,1525
11936,728
11936,1526
11939,627
11944,1252
11944,1527
11945,1527
11946,627
11958,39
11958,76
11959,328
11960,328
11963,328
11964,328
11965,328
11966,328
11968,328
11971,328
11972,328
11974,328
11976,627
11977,1353
11977,1528
11977,1529
11978,328
11979,328
11980,328
11981,328
11982,328
11984,328
11991,328
11992,328
11993,328
11994,328
11999,328
12000,328
12001,328
12003,328
12004,328
12005,328
12008,328
12012,184
12013,328
12015,328
12016,1530
12019,328
12021,328
12022,328
12024,328
12027,328
12028,328
12029,328
12030,328
12031,328
12033,328
12036,328
12038,328
12040,6
12041,328
12044,328
12045,328
12046,328
12048,39
12048,627
12048,627
12048,728
12050,328
12053,328
12055,328
12057,328
12059,328
12060,328
12064,328
12065,328
12066,328
12067,328
12068,328
12069,328
12070,328
12072,930
12073,474
12075,474
12077,474
12079,930
12080,474
12083,474
12086,474
12087,474
12089,474
12090,474
12091,474
12092,1531
12093,474
12095,474
12100,1532
12101,173
12102,173
12103,69
12103,69
12104,1469
12105,1469
12106,1469
12107,1469
12108,1469
12110,873
12110,356
12111,476
12111,1533
12112,191
12114,1534
12115,1534
12116,1534
12118,1535
12124,1536
12125,1537
12132,1538
12132,1539
12133,1540
12135,1541
12135,1542
12135,1541
12136,1543
12136,1544
12136,1545
12138,1546
12138,1547
12138,1547
12139,1540
12141,1230
12143,1541
12143,1542
12143,1541
12144,1543
12144,1544
12144,1545
12146,761
12146,191
12147,313
12147,52
12147,1548
12147,52
12147,1549
12147,1550
12148,313
12148,1551
12148,52
12148,40
12149,46
12149,40
12150,46
12151,864
12152,864
12153,864
12153,1552
12153,46
12153,46
12153,1553
12153,46
12157,864
12158,864
12162,864
12163,256
12164,864
12167,859
12167,856
12167,855
12167,855
12169,855
12170,855
12172,1554
12172,1198
12174,1198
12174,1198
12174,52
12176,1554
12176,52
12176,1550
12177,1229
12178,1198
12178,1554
12178,1555
12178,1556
12181,1557
12182,1229
12183,1229
12184,1229
12185,1558
12188,599
12190,599
12191,599
12193,1559
12193,866
12193,89
12193,87
12194,87
12194,1560
12196,1561
12196,1560
12197,280
12198,866
12200,280
12201,866
12201,493
12205,280
12206,434
12206,869
12209,1562
12209,283
12210,191
12213,191
12214,1236
12216,191
12217,1236
12218,1236
12219,1236
12221,1236
12225,126
12225,126
12225,127
12225,127
12225,1
12225,1563
12225,1564
12226,1565
12227,1566
12227,1232
12227,1088
12228,126
12231,126
12232,126
12234,212
12239,774
12240,1
12240,353
12242,774
12243,1
12243,1567
12245,774
12245,119
12247,39
12248,119
12248,1568
12250,191
12250,218
12252,1240
12254,1240
12255,87
12255,1241
12256,1240
12257,1240
12259,119
12260,120
12262,120
12263,120
12264,120
12265,119
12266,120
12267,119
12267,120
12267,1569
12268,1570
12270,120
12272,119
12272,1571
12272,1572
12272,1573
12273,120
12275,1573
12275,1574
12276,120
12277,1573
12278,1575
12278,1573
12280,119
12281,120
12282,44
12283,1
12284,1
12285,1
12287,1
12288,1
12290,636
12291,635
12292,635
12294,635
12295,635
12296,635
12298,635
12299,635
12300,563
12301,563
12302,563
12303,563
12304,563
12305,563
12306,563
12308,480
12309,480
12311,636
12312,636
12313,1564
12314,188
12315,188
12317,284
12318,284
12320,635
12321,635
12322,635
12323,635
12324,635
12325,635
12327,1
12328,1
12330,1576
12331,100
12332,100
12333,100
12335,1577
12335,1578
12337,191
12340,137
12343,35
12344,137
12346,35
12349,137
12351,35
12353,137
12354,137
12359,137
12361,35
12362,71
12363,1579
12364,1579
12365,1579
12367,35
12368,1580
12371,35
12373,128
12373,137
12373,276
12373,1581
12375,1415
12375,39
12376,1415
12377,1353
12377,1415
12377,84
12377,1415
12378,1415
12379,1415
12381,1415
12382,827
12383,1415
12385,191
12388,960
12389,959
12391,959
12391,191
12392,960
12394,1582
12394,1583
12395,960
12396,960
12397,960
12398,960
12399,1584
12400,960
12401,1584
12401,84
12401,960
12401,960
12402,960
12403,1585
12404,960
12406,960
12407,960
12408,960
12409,959
12414,162
12416,162
12417,191
12418,160
12419,1586
12420,311
12421,162
12422,162
12423,162
12427,162
12428,162
12429,162
12430,162
12431,162
12432,1587
12432,582
12434,162
12436,162
12437,162
12438,162
12439,162
12443,162
12446,162
12447,1588
12448,162
12450,162
12451,162
12452,162
12454,162
12455,39
12456,160
12457,1586
12458,311
12459,162
12460,162
12466,191
12468,750
12469,750
12471,641
12471,641
12472,750
12473,1589
12474,119
12476,883
12478,119
12479,883
12482,883
12485,883
12486,883
12487,256
12488,883
12489,883
12491,883
12492,883
12494,883
12497,883
12498,883
12501,883
12503,119
12504,119
12505,1590
12506,119
12507,119
12508,119
12510,119
12511,119
12512,1591
12514,533
12518,119
12521,119
12524,119
12526,119
12527,119
12528,119
12529,119
12530,191
12531,119
12532,119
12533,119
12535,191
12536,119
12537,119
12538,119
12539,191
12539,434
12539,151
12541,1592
12542,119
12544,119
12546,119
12548,119
12549,119
12551,119
12552,119
12552,1105
12553,1593
12553,119
12554,119
12555,119
12557,44
12558,1594
12560,119
12561,119
12563,44
12564,119
12565,1595
12566,774
12566,290
12566,1596
12568,1595
12574,1595
12575,288
12575,119
12575,84
12576,1595
12577,1595
12580,1595
12581,1597
12582,1597
12583,774
12583,151
12583,151
12583,1598
12584,151
12585,1597
12586,1597
12587,774
12587,151
12587,151
12589,362
12589,1599
12590,151
12591,1597
12592,1597
12593,774
12593,151
12593,1393
12593,1600
12596,1597
12597,1597
12598,1597
12603,1597
12605,1597
12606,191
12608,1597
12609,1597
12610,1601
12610,1602
12611,1603
12612,1604
12613,1597
12614,1597
12615,191
12615,151
12615,151
12618,1
12619,110
12620,110
12623,84
12623,1605
12624,191
12624,1606
12626,141
12628,141
12629,774
12629,151
12631,141
12632,141
12634,141
12635,141
12637,141
12638,1607
12639,141
12642,119
12644,119
12645,119
12648,119
12649,216
12658,119
12659,119
12661,751
12661,751
12661,751
12661,1608
12663,1609
12667,1610
12668,119
12671,1610
12672,119
12675,119
12676,119
12677,119
12681,119
12682,119
12686,191
12687,1611
12688,1612
12691,1613
12692,229
12693,1614
12694,1612
12696,1612
12697,1614
12699,1612
12700,1612
12701,1612
12702,1615
12702,191
12703,1612
12704,1615
12704,191
12705,1612
12707,721
12712,119
12713,119
12714,1616
12714,1617
12714,1617
12715,119
12716,119
12717,1618
12717,665
12718,119
12719,1619
12720,119
12721,119
12722,1616
12722,1617
12722,1617
12723,119
12724,119
12725,1618
12725,665
12726,119
12728,1608
12729,1620
12734,1621
12735,1622
12738,288
12739,288
12740,288
12743,288
12744,1623
12747,288
12750,288
12751,1619
12752,288
12757,191
12757,119
12757,119
12758,119
12759,119
12760,119
12761,1624
12762,119
12763,1607
12764,119
12765,119
12767,1625
12768,1626
12770,119
12771,87
12772,119
12774,119
12775,1627
12777,119
12778,1628
12781,119
12784,119
12785,119
12786,412
12788,119
12789,84
12791,119
12792,119
12793,119
12793,1629
12793,1629
12793,1630
12793,87
12795,119
12797,87
12797,1631
12797,87
12798,119
12800,87
12801,119
12802,119
12803,119
12804,1625
12805,119
12806,119
12807,119
12808,119
12810,119
12812,119
12815,119
12816,191
12819,119
12823,119
12824,119
12825,119
12826,119
12827,119
12829,119
12830,119
12831,119
12832,119
12834,119
12835,119
12836,119
12838,191
12838,119
12839,119
12840,119
12841,119
12843,119
12844,774
12844,880
12844,880
12845,119
12846,119
12847,191
12847,880
12847,880
12848,1632
12849,119
12850,1633
12851,119
12852,119
12854,114
12854,225
12856,118
12857,118
12858,118
12858,893
12859,130
12860,298
12862,130
12863,130
12864,130
12867,130
12868,130
12871,130
12873,130
12874,130
12875,191
12875,761
12876,130
12879,191
12881,130
12883,130
12884,1123
12887,130
12888,130
12892,130
12893,130
12896,130
12899,130
12900,130
12904,130
12905,130
12906,130
12907,130
12908,130
12910,1634
12911,130
12912,130
12913,1603
12914,130
12916,130
12917,130
12920,191
12920,152
12921,130
12923,130
12924,130
12925,130
12930,130
12931,191
12931,1123
12931,1123
12933,130
12934,130
12937,130
12938,1393
12938,1598
12938,1635
12939,130
12940,130
12941,130
12944,191
12947,1636
12948,130
12949,130
12950,130
12951,191
12953,130
12954,130
12955,191
12958,130
12960,130
12963,130
12964,130
12965,130
12966,130
12967,130
12969,130
12970,130
12971,130
12972,130
12974,130
12975,130
12977,130
12978,582
12980,761
12980,761
12982,1637
12983,130
12986,130
12987,130
12990,130
12991,130
12993,130
12995,337
12995,130
12996,130
12997,130
12999,1638
12999,1118
12999,130
13005,130
13006,130
13007,130
13011,130
13012,130
13014,191
13015,130
13017,130
13018,130
13019,130
13021,1639
13022,1640
13022,130
13023,191
13024,130
13028,130
13030,130
13031,130
13032,130
13033,130
13037,130
13038,130
13039,191
13039,151
13039,151
13039,151
13039,152
13040,130
13042,130
13043,130
13044,1641
13044,152
13046,130
13049,130
13050,130
13055,130
13055,191
13056,130
13057,130
13058,130
13060,130
13061,130
13061,1393
13061,1598
13062,130
13063,130
13065,130
13068,130
13070,130
13071,130
13072,130
13073,191
13076,130
13077,130
13078,130
13079,191
13079,1642
13079,1643
13080,1644
13081,1645
13081,1644
13082,119
13083,119
13084,191
13084,1642
13084,1643
13085,1644
13086,1645
13086,1644
13087,1644
13087,1646
13087,1647
13088,119
13090,1648
13091,1649
13092,119
13094,1650
13094,119
13094,1651
13094,119
13095,84
13095,1648
13096,1652
13098,119
13099,191
13099,742
13099,1653
13099,1654
13100,1655
13102,1656
13103,1425
13105,1657
13106,119
13107,191
13107,119
13107,742
13107,1642
13107,742
13110,119
13111,669
13111,1658
13113,1658
13114,119
13116,119
13117,1654
13118,119
13119,1652
13120,119
13121,742
13124,119
13127,119
13128,191
13128,742
13128,742
13129,313
13129,1652
13129,191
13129,1652
13129,742
13132,1652
13134,313
13135,89
13136,119
13137,1659
13139,119
13140,119
13142,119
13143,1503
13144,119
13146,119
13147,119
13148,119
13150,119
13151,1258
13152,1503
13153,119
13154,119
13155,1659
13157,1660
13159,191
13160,1
13161,1661
13163,432
13163,1662
13165,119
13167,191
13167,119
13169,119
13170,84
13171,119
13172,191
13173,1663
13173,84
13174,119
13176,191
13178,119
13180,1664
13182,119
13184,129
13185,129
13187,129
13188,1665
13189,80
13190,129
13192,195
13192,191
13194,129
13196,129
13198,191
13202,129
13209,98
13209,1606
13211,129
13212,129
13215,359
13216,1606
13219,359
13220,1666
13221,1667
13221,1668
13222,359
13223,359
13226,774
13227,750
13229,750
13231,750
13233,1669
13234,750
13235,191
13238,750
13239,191
13242,750
13243,750
13244,750
13245,750
13246,750
13247,750
13248,750
13249,750
13250,750
13251,750
13252,750
13253,750
13254,750
13255,750
13256,750
13257,750
13258,750
13259,750
13260,750
13261,1670
13262,138
13264,138
13267,359
13268,359
13269,191
13269,359
13269,359
13269,359
13269,1667
13269,1671
13269,1672
13269,359
13270,359
13271,359
13272,1673
13276,128
13278,359
13279,359
13280,430
13281,191
13282,359
13284,359
13285,359
13286,359
13287,359
13288,70
13291,130
13292,359
13293,359
13297,359
13298,359
13299,191
13300,1674
13303,359
13306,359
13307,191
13308,359
13311,359
13315,359
13316,359
13317,359
13320,1675
13322,1676
13325,1676
13325,1677
13326,1675
13327,78
13329,1676
13329,1678
13329,1679
13329,1680
13331,1675
13333,1676
13335,78
13336,1676
13336,1678
13336,1679
13336,1680
13338,1675
13340,1676
13346,1681
13347,1682
13347,1666
13349,1683
13349,641
13350,1675
13351,1676
13354,1675
13356,1684
13358,1675
13361,1675
13362,430
13362,1666
13363,1675
13364,1294
13367,1675
13370,1675
13371,78
13372,119
13374,1675
13375,1675
13376,119
13376,119
13376,1625
13376,1625
13377,1685
13378,1675
13379,1683
13380,1675
13387,1675
13388,1675
13391,1676
13392,1686
13392,1687
13393,119
13394,191
13395,119
13398,358
13401,358
13403,358
13405,358
13406,358
13407,358
13409,358
13410,358
13412,358
13414,358
13415,191
13417,358
13418,358
13419,358
13420,12
13423,358
13425,358
13426,358
13427,358
13430,358
13431,358
13432,345
13432,1688
13433,358
13434,358
13435,358
13436,358
13437,358
13439,358
13440,358
13441,358
13442,358
13445,358
13446,358
13447,191
13448,358
13449,358
13451,358
13452,1689
13453,358
13454,358
13455,358
13456,1183
13456,191
13456,114
13457,191
13458,358
13459,358
13461,358
13462,358
13464,358
13468,358
13469,828
13470,358
13472,358
13473,358
13474,358
13476,358
13478,358
13480,358
13481,1690
13482,119
13483,119
13486,119
13488,1611
13490,1691
13491,1611
13492,1611
13493,1611
13494,1692
13496,1611
13497,1611
13499,1611
13500,1611
13504,1611
13505,1611
13509,1611
13510,469
13511,1611
13512,1611
13514,256
13514,1693
13515,1611
13516,1694
13518,1611
13520,748
13521,1611
13522,1611
13523,1611
13524,1611
13525,191
13525,1695
13526,1611
13529,1611
13530,1611
13531,1611
13534,1611
13535,1611
13537,1611
13538,1611
13539,1611
13540,1611
13541,1611
13542,1611
13543,1611
13544,1611
13545,138
13546,138
13549,138
13550,371
13550,1366
13550,1696
13551,138
13554,138
13558,138
13561,138
13562,138
13562,138
13563,138
13563,1633
13564,138
13564,1633
13565,1697
13565,1698
13566,138
13567,828
13572,1699
13573,138
13574,138
13576,138
13578,138
13580,138
13581,138
13584,138
13588,138
13589,138
13590,138
13591,1700
13591,1701
13592,138
13593,138
13594,138
13595,138
13596,130
13597,191
13600,130
13601,130
13602,130
13603,195
13603,98
13604,132
13604,191
13607,130
13609,1702
13610,130
13611,130
13612,130
13616,130
13618,130
13619,130
13620,1553
13620,191
13621,130
13623,130
13624,130
13625,130
13626,130
13627,130
13628,1118
13628,130
13629,130
13630,130
13632,130
13635,130
13636,130
13637,130
13639,130
13640,119
13640,1606
13640,1606
13640,1666
13640,1666
13640,1666
13640,1676
13640,1676
13640,1676
13640,1703
13641,130
13642,1704
13642,1676
13642,1676
13642,152
13642,1705
13642,359
13642,145
13642,145
13642,145
13642,153
13644,191
13644,130
13644,1706
13645,1706
13647,130
13648,1706
13649,130
13652,130
13653,130
13654,191
13654,152
13655,130
13656,130
13659,130
13661,288
13662,288
13665,119
13666,119
13670,119
13677,149
13678,119
13681,1707
13682,119
13684,119
13685,463
13685,1708
13686,87
13689,119
13691,119
13692,84
13693,119
13694,751
13695,751
13695,1
13695,1365
13695,87
13695,87
13696,751
13697,119
13698,751
13699,119
13700,1709
13704,751
13704,1
13705,1710
13705,1711
13706,758
13707,119
13708,298
13709,119
13710,39
13711,1712
13711,1713
13712,191
13712,195
13715,1714
13716,1714
13718,1714
13719,1714
13720,1714
13721,1714
13722,1714
13723,1714
13724,1714
13725,1714
13726,1714
13727,345
13728,345
13729,345
13730,345
13731,345
13732,345
13733,345
13734,345
13735,345
13736,345
13737,345
13738,345
13739,345
13740,345
13741,345
13742,345
13743,345
13744,364
13745,225
13746,1715
13747,1125
13748,225
13749,972
13750,972
13752,972
13754,225
13756,1716
13757,885
13758,365
13760,365
13761,365
13762,365
13763,365
13764,886
13766,498
13767,498
13768,498
13769,498
13770,498
13771,498
13772,498
13773,498
13774,579
13775,579
13776,579
13777,579
13778,437
13779,438
13780,438
13781,438
13783,438
13784,438
13785,438
13786,438
13787,438
13789,438
13791,438
13793,438
13794,438
13796,654
13797,654
13798,654
13799,654
13800,294
13801,1717
13803,1717
13804,1717
13806,580
13807,98
13808,1670
13809,1670
13810,1718
13811,1719
13812,291
13814,191
13817,1720
13819,1720
13821,656
13822,888
13831,44
13833,551
13834,44
13835,44
13841,213
13843,1721
13848,1255
13850,1255
13851,1425
13857,1425
13858,1425
13862,1425
13866,1722
13867,1722
13868,1723
13872,210
13874,210
13875,210
13877,210
13878,502
13880,502
