e_id,t_id
1,5
3,0
6,5
7,2
8,0
11,5
12,2
13,2
14,2
15,5
16,5
17,4
19,2
19,2
19,2
19,2
19,2
21,0
22,0
26,4
28,2
29,2
30,1
31,2
32,0
32,0
34,2
34,2
34,2
34,2
34,2
36,2
36,2
36,2
36,2
36,2
38,2
38,2
38,2
38,2
38,2
38,2
38,2
40,4
42,0
46,0
47,2
48,2
49,2
50,5
51,2
52,2
53,0
53,0
53,0
55,3
58,2
59,5
59,5
59,5
59,5
60,5
60,5
61,0
62,5
63,5
64,2
65,5
65,5
65,5
65,5
69,2
70,5
72,1
73,2
74,5
76,0
78,5
78,5
79,2
81,4
82,2
83,5
84,4
86,1
87,5
88,1
89,2
90,5
92,0
94,1
94,1
94,1
94,1
97,5
97,5
98,5
99,1
100,0
101,0
103,2
103,2
103,2
103,2
103,2
104,2
105,2
106,0
106,0
106,0
109,5
111,0
112,5
113,1
113,1
115,2
115,2
115,2
116,2
116,2
117,2
117,2
119,1
120,2
121,5
122,2
123,2
123,2
124,5
125,2
126,1
126,1
127,0
128,2
128,2
129,0
130,2
131,1
132,2
133,1
135,1
136,2
137,5
138,2
139,2
139,2
140,5
141,2
142,1
143,5
144,5
145,5
146,4
146,4
148,1
149,2
150,5
152,3
153,2
154,5
156,3
157,2
157,2
157,2
158,5
158,5
159,4
160,0
160,0
161,0
162,1
162,1
163,1
163,1
164,1
168,0
169,2
169,2
170,0
171,4
171,4
171,4
175,2
176,0
178,5
179,2
180,2
180,2
181,0
182,1
184,2
185,4
186,5
186,5
187,0
187,0
187,0
187,0
188,2
188,2
190,4
191,5
191,5
194,1
194,1
194,1
194,1
194,1
194,1
195,0
196,5
196,5
196,5
197,4
197,4
198,2
199,2
199,2
199,2
199,2
199,2
199,2
199,2
199,2
199,2
199,2
199,2
201,4
201,4
202,4
202,4
202,4
202,4
203,0
205,1
207,1
207,1
213,3
215,5
221,5
222,1
225,2
227,2
229,0
230,2
231,2
232,1
233,2
234,1
235,2
237,2
238,5
239,2
240,2
241,0
242,1
243,2
244,2
245,3
247,4
248,1
252,1
253,3
254,2
256,2
257,2
258,2
260,2
261,2
263,3
263,3
268,5
269,0
274,1
277,1
279,1
283,2
284,0
285,2
293,4
293,4
294,0
295,0
296,0
297,0
298,2
301,2
303,2
305,2
308,0
309,0
309,0
309,0
310,0
311,0
312,1
313,0
314,0
315,0
316,3
317,0
319,0
320,0
321,0
322,0
324,0
325,0
326,0
327,0
328,0
329,0
330,0
331,3
332,0
333,0
334,2
335,0
336,2
337,0
338,3
339,1
340,0
341,5
342,1
345,1
345,1
346,2
347,5
349,2
350,5
352,2
353,5
358,0
361,5
362,2
363,5
366,0
369,0
370,1
372,1
374,3
374,3
375,1
376,1
377,1
378,3
378,3
379,1
381,5
381,5
381,5
381,5
386,5
387,0
390,2
390,2
390,2
390,2
390,2
390,2
391,2
392,0
393,2
396,0
397,2
398,4
400,3
405,2
406,2
408,5
410,5
411,4
412,4
414,5
415,2
417,0
418,4
421,5
421,5
422,0
423,0
424,5
426,0
427,1
429,0
430,3
432,3
435,3
436,4
436,4
437,2
441,2
442,5
446,1
448,1
450,2
452,5
454,0
456,2
457,5
458,2
459,1
461,2
462,5
463,5
464,0
465,0
466,1
467,0
469,5
470,5
471,5
472,0
476,2
477,5
479,0
480,5
482,0
485,4
488,0
491,1
492,5
494,5
497,2
501,4
504,2
505,5
506,5
507,4
509,2
513,1
514,5
515,5
518,5
519,0
520,3
521,5
523,3
524,5
525,5
526,0
526,0
527,4
528,4
529,0
530,5
532,0
533,4
533,4
534,4
535,5
538,3
538,3
539,5
540,0
541,0
541,0
541,0
541,0
541,0
541,0
541,0
541,0
542,2
546,2
547,2
550,2
552,5
555,0
556,0
556,0
556,0
557,0
562,0
563,2
563,2
563,2
563,2
563,2
563,2
563,2
564,2
565,1
566,3
567,2
569,0
570,0
570,0
573,2
575,2
576,0
578,2
579,5
581,0
583,2
584,3
586,5
587,0
589,2
591,0
592,0
593,0
594,5
596,0
598,5
598,5
598,5
600,0
600,0
600,0
600,0
600,0
600,0
602,4
603,2
609,2
609,2
610,5
610,5
610,5
612,4
613,4
614,5
615,1
617,0
618,4
619,0
621,0
622,0
624,5
624,5
624,5
625,4
627,1
628,2
630,2
632,2
633,0
636,4
638,4
639,5
640,3
642,4
643,2
644,2
647,3
648,2
651,3
652,5
653,5
654,5
655,1
658,2
658,2
658,2
658,2
659,4
664,2
666,0
667,0
670,4
670,4
672,0
674,2
675,4
676,1
679,0
680,5
681,0
685,3
685,3
686,2
688,4
690,3
691,3
692,2
693,1
694,0
695,3
696,3
697,2
698,5
699,0
700,5
703,5
704,0
706,5
707,5
708,0
710,1
711,3
712,1
713,1
715,2
716,5
717,4
717,4
718,2
719,1
722,0
724,2
725,2
726,0
728,2
729,0
731,0
732,1
733,2
734,1
736,0
738,0
739,2
740,0
742,2
743,2
744,3
745,2
747,0
750,2
750,2
750,2
750,2
750,2
750,2
750,2
751,2
752,5
753,5
755,0
756,2
756,2
756,2
756,2
756,2
756,2
757,0
758,2
759,5
760,5
762,0
763,2
765,0
766,3
767,2
768,0
769,0
770,3
773,5
774,3
776,1
777,1
779,2
781,5
782,3
784,0
785,4
787,2
789,5
791,2
792,5
794,2
796,2
798,0
799,5
800,5
801,1
801,1
802,4
803,3
804,5
806,5
807,4
808,2
810,5
811,5
812,1
814,5
815,1
816,3
817,0
818,1
820,0
821,3
822,2
824,0
825,0
826,0
827,2
828,1
830,0
831,1
833,0
834,1
835,0
836,3
837,1
839,0
841,1
842,4
843,0
844,1
845,4
846,0
847,1
849,0
850,0
851,0
852,1
854,0
855,1
856,4
857,0
858,1
859,4
860,0
861,1
863,0
864,1
865,4
866,0
868,2
870,2
872,0
873,3
874,1
875,0
877,0
879,2
881,2
883,0
884,0
885,0
886,1
887,1
888,0
890,1
891,0
893,4
895,1
896,0
898,0
899,5
900,0
901,0
902,2
903,5
904,0
905,5
906,0
908,2
910,0
912,2
913,3
915,0
916,2
917,1
918,2
920,0
921,5
922,3
924,0
924,0
925,0
928,0
929,0
931,3
933,2
934,0
935,0
937,3
939,2
940,0
941,0
943,2
944,0
944,0
945,0
947,2
948,3
950,0
953,0
955,2
957,1
959,2
960,0
961,0
962,0
964,0
967,2
970,0
972,2
974,0
976,5
978,0
980,2
981,4
982,0
982,0
983,0
986,2
989,0
991,0
993,5
995,0
996,2
997,2
998,3
999,2
999,2
999,2
1000,2
1000,2
1000,2
1001,2
1001,2
1001,2
1002,2
1002,2
1003,0
1004,1
1006,5
1010,4
1012,0
1013,1
1018,0
1019,1
1020,1
1021,4
1023,5
1024,5
1026,1
1027,2
1027,2
1027,2
1029,0
1030,1
1032,4
1032,4
1032,4
1032,4
1032,4
1033,2
1037,0
1038,0
1039,2
1040,2
1041,1
1042,2
1043,2
1044,1
1045,1
1046,2
1048,1
1052,0
1054,4
1054,4
1055,2
1060,3
1061,3
1064,0
1067,2
1071,4
1072,5
1073,2
1075,2
1082,5
1082,5
1084,2
1086,2
1090,1
1091,1
1091,1
1091,1
1092,2
1094,3
1095,1
1096,2
1097,4
1098,5
1099,5
1101,3
1103,1
1103,1
1103,1
1103,1
1104,2
1105,3
1111,0
1112,4
1113,5
1115,5
1117,5
1119,5
1120,1
1121,1
1124,0
1125,5
1126,0
1127,5
1128,1
1129,4
1130,4
1132,4
1133,5
1135,5
1137,5
1139,0
1140,5
1142,0
1145,0
1147,1
1149,0
1150,2
1152,1
1154,0
1155,5
1156,4
1157,0
1159,2
1160,1
1162,0
1164,0
1166,3
1166,3
1168,0
1169,1
1171,0
1173,0
1174,1
1175,3
1175,3
1177,0
1179,0
1180,5
1182,0
1183,1
1185,0
1186,1
1188,0
1189,5
1191,0
1193,3
1194,1
1195,5
1196,1
1198,0
1200,1
1201,1
1203,0
1204,3
1205,5
1207,0
1208,5
1210,0
1212,0
1213,5
1215,0
1217,5
1219,0
1220,4
1222,0
1224,1
1226,0
1228,4
1229,1
1230,0
1233,0
1236,1
1238,0
1239,4
1241,4
1243,0
1247,0
1248,1
1250,0
1251,1
1252,0
1253,0
1254,4
1256,0
1258,0
1261,0
1263,0
1265,0
1266,0
1266,0
1266,0
1268,1
1269,5
1272,2
1274,0
1276,1
1280,2
1281,5
1282,5
1284,4
1285,5
1287,5
1289,0
1291,1
1295,2
1298,2
1304,0
1305,5
1306,5
1307,1
1308,0
1309,4
1310,0
1311,2
1312,0
1313,5
1314,2
1317,0
1318,2
1320,4
1321,2
1322,0
1324,0
1325,0
1327,2
1328,0
1330,0
1332,2
1337,0
1338,0
1340,5
1344,1
1347,3
1348,5
1351,2
1354,3
1356,2
1356,2
1356,2
1357,0
1359,4
1360,1
1361,2
1362,1
1363,2
1365,1
1366,1
1367,2
1368,5
1370,0
1371,0
1371,0
1372,3
1372,3
1373,0
1373,0
1374,3
1374,3
1376,3
1377,3
1377,3
1379,3
1379,3
1381,3
1381,3
1381,3
1382,2
1382,2
1384,0
1385,0
1386,1
1387,5
1388,0
1389,5
1390,0
1391,5
1392,0
1393,5
1394,1
1396,5
1399,5
1400,1
1401,3
1404,0
1406,0
1407,2
1408,0
1409,4
1410,4
1411,5
1412,0
1413,2
1414,2
1415,3
1415,3
1416,2
1417,2
1418,2
1419,2
1420,2
1421,2
1423,0
1424,2
1424,2
1424,2
1424,2
1424,2
1425,5
1429,2
1432,2
1433,1
1434,5
1436,0
1437,0
1439,1
1441,5
1442,5
1444,5
1448,2
1450,2
1452,2
1454,2
1461,0
1462,2
1467,0
1469,4
1470,4
1471,0
1474,0
1475,2
1477,0
1478,3
1478,3
1478,3
1478,3
1479,5
1480,2
1481,2
1482,2
1484,2
1486,3
1488,5
1489,5
1493,0
1494,4
1495,5
1498,4
1499,5
1500,0
1502,4
1504,5
1509,1
1510,0
1510,0
1511,2
1512,1
1513,0
1513,0
1515,0
1516,3
1518,5
1520,5
1521,3
1522,1
1526,3
1527,5
1528,1
1529,1
1531,1
1537,2
1540,1
1541,4
1546,4
1547,5
1548,1
1550,1
1553,1
1556,1
1557,0
1559,1
1561,3
1562,1
1564,2
1565,1
1567,2
1568,1
1570,1
1571,2
1572,1
1575,1
1578,1
1581,1
1583,3
1584,1
1587,1
1588,0
1589,1
1591,0
1591,0
1591,0
1591,0
1592,1
1593,0
1594,1
1599,0
1605,1
1607,0
1608,2
1610,1
1613,5
1615,4
1617,5
1618,4
1619,3
1620,5
1621,2
1622,1
1624,1
1626,5
1627,5
1628,4
1629,3
1631,5
1633,5
1634,5
1638,5
1639,1
1641,3
1645,5
1646,1
1649,1
1652,2
1654,0
1654,0
1655,0
1659,1
1661,4
1662,5
1663,4
1664,1
1665,0
1666,4
1667,5
1668,4
1669,1
1670,0
1671,4
1671,4
1672,5
1673,1
1674,2
1675,5
1677,5
1681,1
1682,0
1683,0
1683,0
1685,1
1687,3
1688,0
1689,5
1690,3
1691,0
1692,4
1695,5
1696,5
1698,0
1702,1
1703,1
1706,1
1706,1
1706,1
1707,0
1709,2
1710,3
1712,4
1715,2
1716,2
1718,0
1719,1
1720,3
1720,3
1721,5
1722,1
1724,2
1726,4
1726,4
1726,4
1727,1
1728,1
1730,3
1732,1
1733,3
1734,5
1736,3
1737,4
1738,4
1739,4
1740,4
1741,4
1745,1
1750,0
1751,4
1753,0
1754,5
1754,5
1755,5
1756,1
1756,1
1756,1
1757,5
1757,5
1757,5
1759,5
1759,5
1761,0
1762,3
1763,3
1764,0
1766,1
1767,0
1769,2
1770,0
1771,5
1772,2
1774,0
1775,2
1776,4
1777,5
1778,5
1780,0
1782,0
1783,2
1785,2
1788,2
1790,0
1790,0
1790,0
1793,0
1795,2
1796,2
1798,2
1799,5
1800,0
1801,2
1802,0
1806,4
1807,5
1814,3
1816,0
1818,5
1819,4
1820,4
1821,4
1822,3
1823,2
1824,3
1825,2
1826,5
1827,2
1828,0
1830,5
1833,1
1834,1
1835,1
1836,5
1838,2
1840,1
1840,1
1840,1
1840,1
1841,2
1841,2
1841,2
1841,2
1841,2
1842,1
1843,4
1843,4
1844,5
1845,5
1846,0
1847,5
1848,5
1849,0
1850,5
1851,5
1852,0
1853,5
1854,5
1855,0
1856,0
1857,5
1858,0
1859,5
1860,0
1861,5
1862,0
1863,5
1864,0
1865,5
1866,1
1870,5
1871,5
1872,1
1872,1
1873,5
1874,0
1875,5
1876,5
1878,1
1879,1
1880,1
1881,1
1882,1
1883,1
1884,1
1885,1
1886,1
1887,1
1888,1
1889,1
1890,1
1892,2
1893,2
1893,2
1893,2
1893,2
1897,2
1898,2
1899,4
1900,2
1902,5
1903,5
1904,5
1905,5
1907,5
1908,1
1908,1
1910,2
1912,2
1914,2
1915,4
1916,5
1917,5
1917,5
1918,1
1918,1
1918,1
1919,5
1920,1
1921,2
1924,1
1926,4
1926,4
1926,4
1929,2
1933,0
1933,0
1933,0
1936,2
1937,1
1938,2
1940,2
1942,5
1943,0
1943,0
1944,2
1945,0
1946,3
1947,2
1948,3
1949,2
1950,3
1951,2
1952,5
1953,5
1954,2
1955,0
1956,2
1958,2
1960,5
1961,2
1962,3
1963,2
1965,5
1967,4
1969,2
1970,5
1972,5
1974,4
1976,2
1976,2
1976,2
1983,1
1984,4
1985,0
1986,2
1987,4
1989,5
1991,3
1992,1
1993,1
1995,1
1996,5
2000,4
2000,4
2004,0
2007,1
2008,5
2010,5
2013,5
2016,5
2018,5
2021,1
2022,5
2024,3
2024,3
2024,3
2024,3
2026,0
2027,3
2027,3
2027,3
2027,3
2029,0
2030,3
2030,3
2030,3
2030,3
2032,0
2033,3
2048,5
2050,5
2050,5
2050,5
2050,5
2050,5
2050,5
2050,5
2051,4
2053,4
2054,1
2058,0
2059,5
2060,1
2061,4
2062,2
2063,2
2064,4
2064,4
2064,4
2065,1
2067,2
2067,2
2069,5
2069,5
2070,5
2072,5
2073,1
2074,5
2074,5
2074,5
2076,1
2078,3
2079,0
2080,0
2081,5
2082,3
2083,0
2086,3
2087,5
2090,3
2091,3
2093,4
2093,4
2094,2
2094,2
2095,5
2096,5
2097,4
2098,5
2099,1
2102,1
2105,3
2105,3
2105,3
2105,3
2105,3
2105,3
2106,3
2108,4
2110,0
2111,1
2115,5
2117,5
2121,1
2125,3
2126,0
2127,4
2129,5
2129,5
2130,0
2132,2
2133,2
2134,2
2138,0
2139,4
2140,1
2141,4
2143,1
2144,5
2145,0
2147,4
2148,4
2150,5
2151,0
2153,5
2154,0
2158,5
2159,0
2160,3
2160,3
2160,3
2163,5
2164,1
2165,1
2167,5
2168,0
2169,1
2170,3
2171,3
2173,3
2174,3
2175,5
2177,3
2178,2
2179,2
2181,3
2182,2
2184,3
2185,2
2187,3
2189,1
2190,1
2191,3
2193,3
2194,1
2195,1
2196,1
2197,3
2198,3
2199,3
2201,3
2202,2
2203,0
2206,0
2207,3
2209,2
2211,0
2212,2
2214,2
2215,5
2216,5
2217,3
2218,5
2219,3
2220,2
2221,3
2222,2
2224,2
2226,2
2229,0
2230,0
2231,5
2232,0
2235,0
2235,0
2236,5
2237,0
2238,5
2239,0
2240,5
2241,0
2242,5
2243,0
2244,5
2245,0
2246,5
2247,5
2248,5
2252,5
2253,5
2254,2
2254,2
2254,2
2255,3
2256,5
2257,0
2258,1
2259,0
2260,2
2262,2
2262,2
2262,2
2262,2
2263,2
2263,2
2263,2
2264,3
2265,2
2266,3
2267,2
2267,2
2267,2
2270,3
2270,3
2271,3
2271,3
2274,5
2275,5
2276,5
2277,5
2278,5
2279,5
2282,1
2284,0
2285,4
2285,4
2289,2
2291,5
2292,2
2292,2
2292,2
2292,2
2292,2
2292,2
2292,2
2292,2
2293,4
2294,4
2295,0
2296,1
2297,4
2298,2
2299,5
2299,5
2299,5
2302,0
2303,0
2304,4
2305,3
2306,0
2307,4
2309,4
2310,0
2311,1
2314,4
2315,4
2315,4
2316,4
2318,0
2319,0
2321,4
2322,2
2323,3
2324,2
2326,2
2327,3
2328,0
2330,2
2331,3
2332,0
2333,1
2336,0
2338,1
2340,0
2341,3
2344,3
2345,0
2355,1
2356,2
2357,1
2358,1
2358,1
2359,5
2362,5
2363,1
2365,5
2366,5
2367,5
2368,0
2370,0
2371,4
2375,0
2376,0
2378,4
2379,2
2382,0
2383,0
2387,0
2389,2
2392,0
2393,0
2394,2
2395,2
2396,0
2397,0
2399,1
2402,2
2403,5
2404,0
2405,5
2406,0
2408,5
2408,5
2410,0
2411,0
2412,2
2415,0
2416,1
2417,2
2419,0
2420,4
2421,1
2422,0
2423,2
2424,2
2428,0
2429,2
2430,2
2432,0
2433,4
2436,0
2441,0
2442,2
2445,0
2446,2
2449,0
2450,0
2452,2
2453,0
2454,0
2455,2
2456,0
2458,2
2459,0
2460,0
2461,2
2462,0
2463,2
2464,0
2465,0
2466,0
2467,4
2468,0
2469,0
2470,0
2471,0
2472,0
2473,0
2474,2
2475,0
2477,0
2482,0
2487,2
2489,2
2490,0
2491,0
2494,1
2496,3
2496,3
2496,3
2497,1
2499,2
2500,1
2501,1
2502,0
2503,2
2504,1
2505,3
2506,3
2508,3
2512,1
2513,3
2515,3
2517,3
2521,4
2522,5
2527,0
2529,1
2531,0
2532,3
2534,1
2535,1
2536,0
2537,2
2538,1
2539,3
2540,5
2541,5
2543,3
2544,3
2545,3
2546,3
2547,1
2549,3
2555,1
2558,0
2559,1
2563,3
2564,0
2565,4
2570,1
2572,4
2573,1
2575,2
2577,3
2578,2
2579,3
2580,1
2582,3
2583,1
2584,3
2586,3
2587,1
2588,3
2589,2
2590,1
2592,3
2595,0
2596,3
2597,4
2598,3
2599,2
2600,3
2603,0
2604,3
2605,5
2606,5
2608,2
2610,1
2613,0
2614,5
2617,0
2618,1
2619,1
2620,3
2623,1
2624,3
2625,1
2629,3
2630,2
2632,3
2634,3
2635,2
2636,0
2637,3
2638,3
2641,2
2642,0
2643,3
2645,5
2648,2
2649,5
2651,5
2654,1
2656,4
2659,2
2660,0
2661,1
2662,3
2662,3
2663,3
2664,4
2665,1
2665,1
2665,1
2666,0
2669,0
2670,1
2670,1
2670,1
2670,1
2671,0
2671,0
2671,0
2672,2
2675,0
2676,5
2677,5
2678,0
2679,0
2680,5
2681,0
2682,5
2683,0
2684,5
2685,0
2686,5
2687,0
2688,5
2689,0
2690,5
2694,5
2695,1
2699,1
2700,1
2703,0
2706,0
2707,0
2708,1
2709,1
2715,5
2716,5
2720,4
2725,1
2726,1
2727,4
2729,4
2731,5
2732,2
2737,4
2738,4
2740,4
2745,4
2746,1
2747,3
2749,5
2749,5
2752,4
2753,3
2753,3
2756,0
2757,2
2759,0
2760,4
2761,1
2763,4
2766,2
2768,2
2770,0
2771,5
2771,5
2772,2
2775,2
2777,0
2779,1
2781,1
2782,1
2783,1
2784,3
2785,0
2786,1
2787,0
2791,2
2793,2
2793,2
2793,2
2794,3
2795,2
2797,2
2797,2
2804,5
2805,5
2806,4
2806,4
2807,5
2808,2
2809,5
2810,2
2812,5
2813,2
2813,2
2814,1
2815,5
2816,1
2817,5
2818,5
2819,2
2820,5
2821,4
2823,4
2824,2
2826,5
2827,2
2827,2
2827,2
2827,2
2828,1
2830,5
2831,5
2832,2
2833,3
2833,3
2833,3
2833,3
2833,3
2834,2
2835,5
2836,2
2836,2
2838,2
2839,3
2842,5
2845,2
2846,2
2846,2
2846,2
2846,2
2847,2
2850,2
2853,5
2855,1
2855,1
2856,5
2860,5
2862,5
2864,2
2865,1
2866,3
2869,2
2871,5
2872,2
2873,3
2874,2
2874,2
2874,2
2874,2
2876,3
2877,5
2878,5
2879,5
2883,2
2885,2
2887,5
2888,1
2889,5
2890,5
2891,5
2892,5
2893,5
2894,5
2896,1
2897,1
2899,0
2900,1
2902,0
2903,4
2904,1
2906,0
2908,0
2909,1
2911,0
2913,3
2914,1
2916,0
2917,1
2919,0
2920,2
2921,1
2923,0
2924,1
2926,0
2927,0
2928,0
2929,5
2930,0
2931,0
2932,5
2933,0
2935,4
2937,0
2939,4
2939,4
2939,4
2941,0
2942,1
2943,1
2944,3
2944,3
2945,0
2948,3
2948,3
2951,4
2962,3
2965,2
2966,3
2968,0
2969,2
2970,1
2971,2
2973,0
2975,1
2978,5
2980,4
2981,4
2982,5
2982,5
2983,5
2984,2
2985,1
2987,0
2988,1
2989,4
2990,0
2991,4
2993,3
2995,5
2997,4
3001,2
3004,4
3004,4
3004,4
3005,4
3006,5
3007,0
3011,0
3015,3
3016,2
3016,2
3017,5
3018,0
3020,3
3021,2
3021,2
3022,5
3023,0
3025,3
3026,2
3026,2
3027,5
3028,0
3030,1
3030,1
3030,1
3030,1
3033,1
3034,3
3034,3
3034,3
3034,3
3035,2
3036,0
3038,5
3042,1
3044,5
3045,4
3045,4
3048,2
3050,5
3051,2
3051,2
3052,5
3053,4
3053,4
3055,5
3056,4
3056,4
3057,2
3058,5
3064,1
3067,1
3071,1
3074,0
3075,0
3076,5
3077,3
3078,0
3079,4
3081,0
3082,0
3082,0
3082,0
3082,0
3082,0
3084,1
3086,0
3086,0
3087,3
3087,3
3088,5
3088,5
3089,5
3090,1
3091,3
3092,5
3094,5
3095,1
3096,5
3097,5
3098,5
3100,5
3101,2
3101,2
3101,2
3103,4
3104,1
3108,3
3109,4
3113,1
3115,1
3116,1
3117,4
3118,4
3119,0
3120,2
3121,0
3122,0
3123,2
3124,0
3125,0
3128,0
3129,0
3130,2
3133,0
3135,2
3136,0
3138,2
3140,0
3141,0
3142,2
3143,3
3144,0
3145,2
3148,0
3149,3
3150,0
3152,0
3154,1
3157,5
3159,0
3162,1
3163,0
3164,2
3166,1
3166,1
3167,0
3168,3
3175,0
3180,0
3181,2
3184,0
3185,2
3186,3
3186,3
3186,3
3190,0
3191,2
3192,0
3193,0
3194,0
3195,2
3196,0
3197,4
3199,4
3201,0
3203,4
3205,4
3207,2
3208,2
3208,2
3208,2
3211,2
3211,2
3211,2
3213,2
3214,2
3214,2
3216,5
3217,2
3220,3
3223,1
3225,1
3226,5
3227,0
3228,0
3229,1
3230,2
3230,2
3231,4
3232,1
3233,2
3233,2
3234,1
3238,1
3239,3
3240,5
3241,0
3242,0
3243,0
3244,4
3245,1
3246,3
3247,0
3248,1
3249,4
3250,1
3254,1
3256,5
3257,0
3258,0
3259,0
3264,1
3266,1
3268,1
3270,1
3271,1
3273,1
3275,1
3277,1
3279,3
3283,4
3287,1
3287,1
3289,3
3291,0
3292,0
3295,0
3298,1
3300,1
3301,3
3304,1
3307,1
3309,3
3310,0
3311,0
3312,0
3313,0
3314,2
3315,2
3318,0
3319,2
3320,1
3323,2
3324,1
3325,0
3326,0
3327,5
3328,5
3329,5
3330,5
3332,4
3334,4
3335,5
3336,0
3339,0
3340,4
3345,0
3347,5
3348,5
3349,2
3351,2
3354,5
3355,5
3359,3
3360,1
3361,5
3362,5
3364,5
3366,5
3367,5
3370,5
3371,5
3380,5
3380,5
3381,2
3382,2
3383,1
3385,1
3387,2
3389,1
3396,3
3399,0
3402,3
3403,0
3404,5
3405,5
3408,3
3409,0
3410,5
3411,5
3413,2
3413,2
3413,2
3414,2
3416,5
3417,2
3417,2
3417,2
3418,3
3419,2
3421,2
3421,2
3427,5
3428,5
3429,2
3432,5
3433,5
3433,5
3435,3
3435,3
3436,3
3438,5
3439,0
3440,3
3440,3
3442,5
3443,5
3443,5
3444,2
3450,5
3451,2
3451,2
3453,5
3454,2
3454,2
3455,2
3456,2
3457,5
3458,2
3458,2
3458,2
3460,2
3463,5
3464,5
3465,5
3466,5
3467,5
3468,0
3469,2
3472,5
3473,5
3474,2
3474,2
3475,5
3476,5
3477,2
3477,2
3478,0
3480,5
3481,2
3481,2
3481,2
3482,5
3483,5
3484,5
3485,5
3485,5
3488,5
3489,5
3490,5
3490,5
3493,5
3494,2
3494,2
3494,2
3496,2
3499,5
3500,1
3501,5
3502,1
3503,5
3504,5
3506,5
3507,5
3508,5
3509,5
3511,0
3512,1
3514,0
3515,1
3517,0
3518,4
3519,0
3520,3
3521,5
3522,2
3523,5
3525,2
3526,5
3529,0
3531,1
3532,4
3534,5
3535,4
3537,0
3538,1
3539,0
3540,0
3542,0
3543,1
3547,1
3549,2
3549,2
3549,2
3549,2
3549,2
3551,2
3554,3
3557,3
3562,1
3565,3
3567,1
3568,1
3569,4
3570,5
3572,1
3573,1
3574,1
3575,5
3576,4
3579,4
3581,5
3583,1
3585,5
3587,1
3588,5
3589,5
3590,2
3591,1
3592,1
3593,5
3597,0
3598,0
3598,0
3598,0
3602,1
3604,4
3606,0
3609,0
3610,5
3612,0
3613,0
3614,0
3615,2
3616,0
3617,0
3618,2
3619,0
3620,1
3621,1
3622,0
3625,1
3626,1
3627,4
3627,4
3629,0
3630,0
3631,0
3631,0
3632,1
3633,2
3634,1
3637,1
3638,3
3639,4
3641,1
3642,4
3644,0
3645,5
3646,3
3647,5
3649,0
3650,1
3651,0
3661,5
3665,1
3667,2
3667,2
3667,2
3667,2
3667,2
3668,3
3669,2
3669,2
3672,0
3674,0
3675,3
3675,3
3677,2
3678,3
3679,2
3680,3
3684,2
3685,3
3686,2
3687,3
3691,3
3691,3
3691,3
3692,5
3695,3
3696,0
3697,3
3698,2
3702,2
3703,2
3708,2
3712,2
3713,4
3715,4
3718,2
3719,4
3721,4
3724,3
3725,3
3725,3
3725,3
3726,2
3727,2
3728,1
3728,1
3729,4
3732,2
3733,2
3733,2
3734,2
3736,0
3737,2
3737,2
3737,2
3738,2
3741,2
3741,2
3741,2
3742,4
3744,5
3746,5
3748,4
3749,4
3752,5
3753,0
3754,0
3755,2
3756,1
3757,1
3759,5
3760,0
3761,4
3764,4
3766,5
3767,0
3769,4
3773,0
3775,4
3779,0
3781,2
3781,2
3781,2
3782,5
3783,0
3784,0
3786,0
3786,0
3790,3
3791,3
3792,0
3793,3
3796,2
3797,3
3799,0
3800,3
3801,0
3802,3
3803,3
3804,3
3806,3
3808,3
3811,3
3814,2
3815,2
3815,2
3817,4
3819,5
3821,5
3824,3
3825,3
3828,3
3833,3
3834,5
3835,3
3842,5
3844,1
3845,3
3847,3
3847,3
3848,3
3849,3
3850,2
3851,3
3853,1
3855,0
3857,4
3858,3
3859,1
3861,0
3863,2
3864,5
3866,1
3867,2
3868,2
3869,1
3870,1
3872,2
3873,0
3874,0
3876,0
3877,4
3882,3
3883,0
3884,2
3884,2
3884,2
3884,2
3885,0
3888,0
3889,0
3890,3
3892,3
3893,0
3895,3
3897,3
3899,1
3900,3
3901,4
3905,2
3906,1
3907,0
3907,0
3908,2
3909,2
3912,2
3913,0
3914,0
3915,4
3917,0
3918,1
3919,0
3922,0
3924,1
3929,4
3930,2
3935,1
3936,0
3937,1
3938,2
3939,0
3940,1
3941,1
3942,1
3943,1
3944,2
3947,1
3948,0
3949,3
3950,0
3951,1
3952,1
3953,1
3954,1
3955,1
3956,1
3957,0
3958,0
3959,0
3960,1
3962,3
3963,0
3964,0
3967,3
3970,4
3973,0
3974,3
3975,5
3976,2
3978,4
3979,5
3984,5
3987,4
3990,2
3991,4
3993,2
3995,2
3997,5
4000,4
4003,2
4004,1
4006,2
4007,5
4009,2
4011,2
4012,5
4013,0
4016,1
4017,2
4018,2
4019,2
4021,2
4022,2
4023,2
4024,5
4025,2
4026,2
4030,4
4031,2
4033,3
4036,1
4038,2
4040,0
4041,1
4042,5
4044,1
4045,5
4046,0
4047,5
4048,5
4050,5
4051,0
4052,5
4053,0
4061,0
4062,2
4065,2
4068,0
4068,0
4078,0
4078,0
4079,5
4080,2
4081,2
4083,2
4083,2
4083,2
4084,2
4084,2
4084,2
4085,2
4087,0
4088,0
4089,0
4091,4
4092,0
4093,4
4094,3
4094,3
4094,3
4097,5
4098,5
4099,5
4100,5
4105,2
4107,4
4111,0
4113,2
4118,2
4122,4
4124,5
4125,2
4126,2
4127,2
4130,3
4134,1
4135,4
4136,4
4138,5
4139,5
4141,1
4141,1
4143,5
4144,5
4145,1
4146,3
4147,3
4148,5
4149,5
4157,5
4158,5
4163,5
4164,5
4165,0
4167,5
4169,2
4170,2
4172,3
4174,5
4175,2
4175,2
4175,2
4178,5
4178,5
4179,5
4180,2
4180,2
4182,2
4183,2
4185,2
4186,5
4187,2
4188,0
4191,5
4192,2
4192,2
4196,3
4197,5
4198,2
4198,2
4201,5
4202,3
4202,3
4205,5
4206,5
4207,2
4208,2
4210,5
4211,5
4212,5
4213,4
4213,4
4213,4
4213,4
4213,4
4215,2
4217,2
4218,5
4219,3
4221,2
4223,2
4224,5
4225,1
4225,1
4226,5
4226,5
4226,5
4226,5
4227,2
4229,4
4230,2
4232,5
4233,4
4234,3
4235,0
4236,4
4238,5
4239,5
4240,5
4241,1
4242,1
4243,5
4244,5
4245,5
4246,5
4247,5
4248,5
4250,5
4251,5
4252,5
4253,5
4255,5
4257,0
4258,2
4259,5
4261,0
4263,5
4264,0
4266,5
4267,5
4270,2
4271,3
4278,5
4280,0
4282,1
4284,0
4285,5
4288,0
4289,3
4289,3
4290,1
4292,0
4293,1
4296,0
4300,5
4302,0
4303,3
4305,1
4306,4
4308,0
4310,5
4311,5
4312,5
4317,5
4320,0
4320,0
4323,0
4323,0
4326,1
4328,4
4331,0
4334,1
4335,0
4337,5
4339,2
4339,2
4348,4
4350,0
4351,5
4351,5
4354,5
4356,5
4368,0
4369,4
4370,0
4372,1
4374,0
4375,0
4378,4
4381,5
4381,5
4382,1
4384,5
4386,5
4387,0
4388,0
4388,0
4388,0
4389,5
4390,1
4391,3
4392,5
4393,1
4394,3
4395,5
4396,3
4396,3
4396,3
4398,0
4399,5
4400,0
4402,3
4402,3
4403,5
4404,5
4405,1
4405,1
4406,5
4408,1
4409,5
4410,0
4411,1
4412,1
4414,2
4415,0
4416,1
4417,4
4418,5
4419,5
4421,1
4422,1
4424,1
4425,5
4427,1
4432,4
4434,1
4435,1
4437,4
4439,5
4441,0
4446,4
4447,0
4448,5
4449,2
4449,2
4450,0
4451,5
4452,0
4454,3
4454,3
4457,0
4459,4
4459,4
4460,0
4465,1
4468,3
4468,3
4468,3
4470,5
4470,5
4472,5
4473,4
4476,2
4478,4
4478,4
4478,4
4481,1
4481,1
4482,3
4483,2
4484,2
4484,2
4485,2
4487,2
4489,2
4490,2
4490,2
4493,4
4494,2
4496,0
4497,0
4499,5
4500,1
4501,1
4502,3
4503,4
4504,0
4509,0
4510,4
4511,5
4512,5
4513,4
4515,0
4516,0
4517,0
4519,2
4520,5
4525,5
4526,1
4529,5
4531,2
4532,5
4533,5
4534,3
4535,2
4536,3
4537,2
4538,3
4539,5
4540,5
4541,5
4542,5
4543,5
4544,5
4545,5
4546,5
4547,5
4548,0
4550,0
4551,0
4552,0
4554,0
4555,0
4556,2
4556,2
4556,2
4557,0
4558,0
4560,0
4563,0
4565,0
4566,4
4567,5
4569,0
4571,0
4574,0
4575,0
4577,0
4578,5
4579,4
4581,5
4583,2
4584,1
4585,5
4585,5
4585,5
4587,3
4588,5
4588,5
4589,0
4591,0
4592,2
4594,5
4595,0
4596,0
4597,0
4598,2
4600,0
4601,5
4602,4
4603,5
4603,5
4605,0
4607,0
4610,0
4612,0
4614,0
4617,1
4622,1
4623,4
4624,4
4625,4
4626,4
4627,1
4628,2
4629,5
4630,5
4634,4
4634,4
4635,2
4639,4
4639,4
4639,4
4640,4
4640,4
4641,4
4641,4
4641,4
4641,4
4641,4
4642,0
4642,0
4642,0
4642,0
4642,0
4643,0
4643,0
4643,0
4643,0
4643,0
4644,4
4644,4
4644,4
4644,4
4645,0
4646,0
4648,4
4648,4
4649,4
4650,4
4650,4
4652,5
4654,1
4655,0
4655,0
4656,1
4660,1
4663,0
4665,2
4665,2
4666,0
4667,0
4668,0
4669,0
4671,0
4672,0
4673,0
4674,2
4674,2
4675,2
4677,5
4678,5
4682,5
4686,2
4689,5
4691,4
4692,4
4693,4
4694,5
4694,5
4699,4
4700,2
4701,5
4701,5
4706,2
4707,5
4707,5
4709,2
4710,5
4710,5
4715,2
4717,3
4718,3
4719,3
4719,3
4720,5
4720,5
4722,3
4722,3
4722,3
4722,3
4723,2
4724,5
4724,5
4727,2
4729,2
4730,5
4730,5
4732,4
4732,4
4733,0
4733,0
4734,3
4735,3
4736,2
4739,1
4742,3
4744,2
4749,4
4750,4
4751,2
4752,4
4753,0
4754,2
4756,2
4757,0
4758,2
4759,0
4760,2
4761,0
4762,0
4763,2
4764,2
4765,5
4768,4
4769,1
4771,0
4774,2
4775,0
4776,1
4778,2
4779,5
4781,2
4782,3
4787,4
4787,4
4787,4
4791,3
4793,3
4795,3
4796,2
4797,3
4800,3
4801,0
4803,1
4807,0
4807,0
4810,4
4811,4
4812,2
4813,3
4814,2
4815,3
4816,3
4817,3
4820,3
4822,2
4823,0
4824,0
4825,0
4826,0
4827,5
4828,2
4830,1
4831,5
4834,4
4838,2
4839,2
4841,0
4842,1
4845,2
4847,1
4849,2
4851,0
4852,5
4853,5
4855,5
4857,5
4858,2
4860,2
4861,5
4862,5
4863,5
4864,5
4865,5
4867,1
4868,2
4870,2
4873,1
4874,0
4880,2
4881,0
4882,1
4883,1
4886,0
4887,2
4888,0
4888,0
4888,0
4889,5
4889,5
4889,5
4889,5
4889,5
4889,5
4889,5
4891,5
4892,0
4893,4
4893,4
4894,2
4896,2
4897,0
4897,0
4898,5
4899,2
4899,2
4900,0
4900,0
4900,0
4901,2
4902,0
4903,1
4907,0
4909,3
4909,3
4909,3
4911,0
4914,3
4914,3
4916,2
4916,2
4917,0
4922,0
4922,0
4924,2
4925,1
4926,2
4926,2
4926,2
4926,2
4926,2
4926,2
4926,2
4926,2
4926,2
4927,0
4927,0
4927,0
4928,1
4929,1
4930,2
4932,3
4933,5
4933,5
4933,5
4933,5
4933,5
4934,1
4936,1
4936,1
4936,1
4938,4
4939,0
4939,0
4940,0
4940,0
4941,5
4941,5
4942,3
4943,0
4944,3
4945,0
4946,5
4948,0
4950,5
4952,3
4952,3
4953,3
4953,3
4954,3
4955,4
4956,3
4956,3
4957,2
4958,2
4962,4
4962,4
4962,4
4963,1
4966,4
4967,4
4968,2
4969,4
4970,4
4973,2
4974,3
4978,1
4980,2
4981,0
4981,0
4981,0
4981,0
4981,0
4986,5
4989,2
4991,4
4993,1
4993,1
4994,2
4996,2
4998,1
4999,5
5000,0
5000,0
5001,2
5004,5
5005,0
5005,0
5006,2
5009,5
5010,0
5012,5
5013,5
5014,3
5014,3
5015,4
5015,4
5016,5
5017,5
5020,2
5020,2
5021,2
5022,2
5023,2
5025,5
5028,5
5029,1
5030,2
5030,2
5031,2
5033,5
5034,3
5034,3
5035,3
5036,2
5038,3
5039,5
5040,3
5040,3
5041,3
5042,2
5044,3
5045,5
5046,5
5047,3
5047,3
5048,4
5048,4
5049,5
5049,5
5051,5
5052,3
5052,3
5053,4
5053,4
5054,5
5054,5
5056,4
5056,4
5057,1
5058,5
5060,5
5061,1
5062,5
5063,2
5065,2
5066,5
5068,2
5069,2
5074,5
5075,4
5076,4
5076,4
5076,4
5077,2
5078,5
5079,5
5079,5
5080,2
5081,5
5082,2
5084,5
5085,2
5086,2
5086,2
5086,2
5087,2
5089,5
5090,5
5090,5
5090,5
5090,5
5090,5
5090,5
5091,5
5094,5
5095,5
5096,5
5096,5
5097,2
5099,5
5100,3
5100,3
5101,2
5104,5
5105,2
5106,5
5106,5
5106,5
5107,4
5108,4
5109,2
5111,5
5112,2
5112,2
5113,2
5114,1
5115,5
5116,5
5118,2
5121,5
5122,5
5123,5
5124,3
5124,3
5124,3
5126,2
5128,5
5129,2
5134,5
5135,5
5136,2
5139,2
5141,2
5143,2
5145,5
5146,2
5146,2
5147,2
5149,0
5149,0
5150,2
5153,5
5155,5
5156,5
5157,5
5158,5
5159,5
5160,5
5161,5
5162,5
5163,5
5164,5
5166,3
5167,5
5168,5
5170,1
5171,5
5175,1
5176,5
5179,2
5180,5
5182,4
5184,5
5188,0
5189,4
5191,4
5192,3
5193,5
5195,4
5197,0
5198,1
5202,5
5204,4
5205,2
5205,2
5205,2
5205,2
5205,2
5205,2
5206,1
5207,2
5208,0
5212,1
5214,1
5216,1
5216,1
5218,0
5219,4
5220,2
5225,5
5227,1
5229,5
5230,1
5231,1
5232,5
5233,1
5234,1
5235,5
5238,0
5241,0
5244,5
5248,5
5249,4
5250,5
5254,0
5255,2
5255,2
5256,5
5256,5
5256,5
5259,5
5263,0
5266,0
5267,1
5269,5
5270,0
5273,1
5274,1
5275,1
5276,1
5278,4
5280,0
5281,5
5282,0
5284,5
5285,1
5287,1
5288,2
5289,5
5295,5
5296,0
5298,5
5299,4
5299,4
5300,2
5301,1
5304,5
5305,0
5307,3
5308,1
5310,0
5312,2
5314,1
5316,0
5319,0
5320,1
5321,1
5323,3
5326,1
5329,2
5330,1
5332,5
5333,0
5334,3
5335,1
5336,5
5337,0
5339,3
5342,1
5346,3
5347,2
5349,2
5350,1
5355,3
5356,0
5358,0
5361,5
5362,1
5365,0
5366,5
5368,5
5370,5
5371,5
5372,5
5373,5
5374,5
5375,5
5376,5
5377,5
5378,5
5379,5
5380,5
5381,0
5383,5
5385,5
5387,5
5389,2
5389,2
5389,2
5389,2
5389,2
5389,2
5389,2
5390,2
5391,0
5394,0
5397,0
5399,0
5400,5
5401,0
5404,2
5406,2
5407,0
5408,1
5409,5
5410,0
5411,3
5412,0
5415,0
5416,0
5417,2
5418,5
5420,0
5421,0
5423,0
5424,1
5425,1
5427,5
5428,0
5430,1
5431,1
5433,5
5434,1
5435,4
5436,2
5438,0
5439,5
5440,1
5442,5
5444,0
5446,1
5448,0
5451,0
5453,0
5456,0
5458,1
5458,1
5463,4
5466,1
5467,2
5468,0
5469,1
5470,1
5479,2
5479,2
5479,2
5479,2
5480,1
5481,1
5482,1
5484,2
5485,2
5489,1
5490,4
5492,1
5492,1
5493,2
5493,2
5496,5
5498,0
5498,0
5498,0
5499,2
5500,2
5501,4
5502,0
5503,0
5504,2
5504,2
5505,2
5508,4
5510,3
5511,0
5513,4
5514,1
5516,2
5517,3
5518,4
5520,4
5522,2
5524,0
5525,2
5527,2
5529,2
5531,2
5535,1
5536,2
5538,2
5540,2
5541,2
5542,1
5543,2
5544,5
5548,1
5549,0
5550,2
5554,0
5555,2
5557,2
5558,4
5559,4
5560,2
5561,4
5561,4
5563,3
5563,3
5568,0
5571,0
5572,3
5574,5
5574,5
5576,0
5576,0
5577,0
5578,2
5580,2
5581,1
5581,1
5584,5
5585,2
5586,2
5588,2
5588,2
5588,2
5589,4
5589,4
5591,3
5592,3
5594,3
5596,1
5597,3
5599,2
5599,2
5599,2
5599,2
5599,2
5601,2
5601,2
5601,2
5603,3
5604,1
5605,1
5606,3
5607,1
5608,1
5612,2
5614,2
5616,0
5618,0
5622,1
5623,0
5632,1
5633,2
5635,2
5637,2
5638,4
5640,1
5642,1
5644,2
5651,1
5652,0
5653,2
5654,0
5656,0
5657,5
5658,4
5658,4
5659,5
5660,4
5661,2
5664,3
5666,0
5668,1
5669,5
5671,3
5672,5
5675,2
5675,2
5677,1
5678,2
5680,4
5680,4
5683,3
5684,2
5685,0
5686,4
5687,4
5689,1
5690,1
5691,1
5693,1
5696,1
5697,1
5698,3
5700,3
5702,1
5703,4
5705,0
5707,1
5707,1
5707,1
5707,1
5708,1
5709,1
5711,0
5712,0
5712,0
5715,0
5716,0
5718,0
5721,5
5722,0
5723,3
5724,1
5724,1
5725,2
5731,1
5731,1
5732,2
5733,3
5734,2
5736,1
5737,2
5740,0
5741,0
5741,0
5742,4
5743,4
5746,2
5748,0
5749,0
5750,0
5750,0
5753,2
5755,3
5757,5
5758,0
5761,2
5762,2
5765,3
5767,2
5769,0
5771,2
5772,3
5775,0
5777,0
5778,0
5779,5
5781,4
5782,3
5783,2
5784,4
5785,2
5788,0
5790,0
5791,1
5792,5
5794,4
5794,4
5794,4
5794,4
5794,4
5794,4
5796,1
5797,1
5798,2
5801,1
5801,1
5802,2
5802,2
5802,2
5802,2
5803,2
5804,1
5805,1
5805,1
5805,1
5805,1
5805,1
5806,0
5807,2
5808,3
5810,2
5811,0
5813,2
5814,5
5816,5
5817,2
5818,1
5820,5
5821,5
5822,5
5823,5
5824,5
5825,5
5826,5
5827,5
5828,5
5829,5
5830,5
5831,5
5832,2
5834,2
5835,2
5836,0
5838,1
5839,2
5840,5
5841,5
5842,5
5843,5
5844,5
5845,1
5847,2
5849,2
5852,2
5857,4
5858,1
5859,1
5864,0
5865,5
5866,0
5869,0
5870,0
5871,0
5873,0
5874,5
5875,0
5878,0
5879,0
5880,0
5882,1
5883,4
5885,2
5886,1
5887,3
5892,0
5893,5
5894,4
5896,3
5896,3
5897,4
5900,4
5901,4
5902,5
5903,5
5904,4
5905,5
5906,5
5907,5
5910,2
5911,5
5912,5
5914,0
5915,3
5915,3
5916,2
5917,0
5919,2
5920,0
5920,0
5921,2
5922,4
5923,2
5925,2
5926,1
5927,3
5927,3
5928,0
5929,2
5930,2
5931,5
5932,3
5932,3
5932,3
5933,5
5934,2
5935,1
5936,2
5937,1
5938,1
5939,3
5941,0
5944,0
5944,0
5944,0
5944,0
5944,0
5944,0
5944,0
5945,0
5945,0
5947,5
5948,0
5949,0
5950,0
5952,0
5953,2
5954,2
5955,2
5956,2
5956,2
5957,4
5958,0
5959,5
5960,1
5961,5
5963,0
5964,3
5966,0
5967,5
5968,5
5970,0
5971,0
5972,3
5973,0
5974,5
5975,5
5977,1
5977,1
5977,1
5978,2
5979,1
5979,1
5980,3
5981,0
5982,2
5983,1
5985,5
5986,2
5988,2
5989,2
5990,0
5992,1
5993,2
5994,5
5995,5
5996,2
5999,2
6001,2
6003,2
6005,5
6006,3
6012,1
6013,2
6014,2
6017,5
6018,5
6019,5
6020,1
6022,1
6023,5
6024,5
6025,5
6026,5
6027,5
6028,5
6029,5
6030,5
6031,5
6032,5
6033,5
6034,5
6035,5
6036,5
6037,5
6038,0
6039,5
6040,0
6041,5
6042,0
6042,0
6042,0
6042,0
6042,0
6042,0
6045,3
6045,3
6045,3
6045,3
6046,5
6046,5
6046,5
6047,3
6047,3
6047,3
6048,5
6048,5
6049,5
6051,0
6052,1
6053,4
6054,3
6056,4
6061,4
6065,5
6067,1
6068,5
6070,5
6071,1
6073,1
6075,1
6076,5
6080,1
6080,1
6081,1
6084,4
6085,3
6086,0
6087,0
6088,3
6089,0
6092,1
6093,3
6096,0
6097,0
6098,3
6100,0
6101,1
6102,1
6103,5
6104,1
6106,0
6108,2
6113,0
6116,0
6117,5
6118,0
6119,4
6120,0
6121,2
6122,1
6123,0
6125,2
6126,0
6127,1
6128,0
6129,2
6133,1
6134,0
6135,2
6136,1
6137,5
6139,1
6141,1
6142,5
6143,1
6146,0
6149,0
6150,5
6151,0
6152,0
6154,1
6155,5
6157,0
6159,0
6160,1
6163,0
6164,5
6166,0
6167,0
6168,5
6168,5
6170,0
6171,1
6175,0
6179,0
6180,2
6181,0
6184,1
6186,0
6187,1
6189,1
6192,1
6194,0
6195,4
6196,2
6197,3
6198,1
6199,0
6200,4
6202,0
6203,3
6205,5
6206,5
6207,5
6208,5
6209,4
6211,4
6212,5
6213,5
6214,1
6216,5
6217,0
6218,5
6219,5
6221,2
6222,5
6223,5
6224,5
6225,5
6226,5
6227,5
6228,5
6229,5
6230,5
6231,5
6232,5
6235,1
6236,5
6237,5
6238,5
6239,5
6240,5
6241,5
6243,5
6245,0
6246,5
6246,5
6247,0
6248,5
6248,5
6249,3
6251,0
6252,3
6253,1
6254,1
6255,0
6256,0
6257,2
6260,0
6265,2
6265,2
6268,2
6269,3
6270,3
6271,3
6272,3
6275,4
6277,4
6278,4
6283,5
6284,0
6284,0
6284,0
6285,1
6289,3
6292,4
6293,2
6295,0
6301,3
6302,1
6309,4
6312,0
6316,2
6317,5
6318,2
6318,2
6318,2
6318,2
6318,2
6320,1
6321,0
6325,5
6326,2
6328,2
6328,2
6328,2
6328,2
6328,2
6328,2
6328,2
6328,2
6328,2
6328,2
6328,2
6328,2
6329,2
6330,2
6331,3
6332,2
6333,2
6333,2
6334,2
6335,2
6337,1
6339,2
6340,0
6342,2
6343,1
6344,2
6346,2
6347,2
6348,2
6349,1
6350,2
6351,2
6352,3
6354,2
6355,5
6356,2
6357,0
6358,2
6360,4
6361,0
6362,0
6363,3
6368,5
6370,2
6375,2
6378,0
6381,2
6383,1
6385,3
6387,2
6392,0
6393,4
6394,5
6395,3
6397,2
6398,2
6398,2
6407,0
6410,2
6415,1
6417,1
6420,0
6423,0
6425,3
6428,5
6429,3
6430,1
6431,5
6433,0
6435,5
6437,0
6439,3
6443,2
6445,4
6446,5
6453,2
6456,4
6457,2
6458,1
6459,2
6460,2
6461,2
6462,1
6466,3
6467,0
6467,0
6468,2
6469,1
6471,1
6472,4
6474,0
6475,0
6479,0
6479,0
6479,0
6479,0
6480,1
6481,3
6483,1
6486,0
6488,5
6489,2
6491,2
6491,2
6492,0
6493,3
6494,0
6498,0
6499,2
6501,3
6501,3
6501,3
6504,3
6506,4
6512,2
6513,3
6513,3
6514,3
6514,3
6514,3
6514,3
6514,3
6514,3
6515,3
6515,3
6515,3
6515,3
6516,3
6516,3
6516,3
6516,3
6516,3
6517,3
6517,3
6517,3
6518,3
6519,0
6521,5
6522,4
6524,2
6525,5
6528,1
6529,2
6531,2
6533,2
6535,2
6538,0
6541,3
6541,3
6542,4
6544,4
6546,3
6548,3
6552,0
6554,5
6555,5
6556,5
6557,5
6558,0
6559,5
6560,2
6561,4
6562,0
6563,5
6564,2
6565,0
6566,1
6572,3
6574,0
6575,5
6576,2
6577,4
6578,5
6579,5
6580,5
6581,0
6583,3
6584,1
6586,1
6589,4
6590,0
6591,3
6592,4
6593,1
6595,5
6596,4
6599,2
6600,1
6604,4
6606,1
6609,4
6611,2
6612,2
6612,2
6613,5
6616,4
6617,5
6619,4
6622,3
6625,1
6628,4
6629,2
6631,1
6633,3
6634,1
6634,1
6635,2
6635,2
6635,2
6635,2
6636,3
6636,3
6637,1
6639,3
6641,1
6648,3
6648,3
6653,4
6654,4
6655,1
6656,1
6657,1
6658,5
6659,1
6660,1
6663,0
6665,5
6666,1
6667,2
6669,2
6671,5
6673,2
6674,5
6675,5
6677,5
6678,5
6679,1
6684,1
6684,1
6685,3
6687,2
6689,2
6694,4
6694,4
6696,5
6697,3
6697,3
6698,2
6699,2
6700,0
6701,2
6703,2
6705,5
6706,2
6709,2
6711,3
6714,2
6716,2
6718,5
6720,5
6720,5
6720,5
6720,5
6721,4
6722,4
6725,4
6728,5
6729,2
6730,2
6731,4
6732,0
6735,0
6736,4
6738,5
6739,3
6739,3
6739,3
6739,3
6740,2
6742,2
6743,3
6746,1
6747,2
6750,5
6751,5
6752,5
6753,5
6754,5
6755,5
6756,5
6757,5
6758,5
6759,5
6760,5
6761,5
6762,5
6763,5
6764,5
6765,5
6766,5
6767,5
6768,5
6769,5
6770,5
6771,5
6772,5
6773,5
6774,0
6775,0
6776,5
6777,5
6778,5
6779,0
6780,0
6781,0
6782,2
6784,5
6784,5
6787,2
6788,1
6790,0
6791,4
6792,1
6793,1
6795,1
6799,0
6800,1
6801,3
6803,3
6805,1
6806,1
6810,3
6811,1
6812,4
6814,4
6816,2
6816,2
6817,5
6818,3
6818,3
6819,0
6820,2
6823,1
6826,0
6827,2
6827,2
6827,2
6827,2
6828,4
6829,0
6830,0
6834,4
6834,4
6836,5
6836,5
6836,5
6837,0
6838,1
6838,1
6839,1
6841,0
6842,2
6844,3
6844,3
6844,3
6844,3
6844,3
6844,3
6845,1
6847,3
6848,3
6849,3
6850,1
6852,5
6853,3
6855,0
6856,5
6857,1
6858,0
6859,3
6861,3
6862,3
6863,3
6864,0
6865,2
6865,2
6865,2
6867,0
6868,4
6869,0
6870,4
6873,2
6876,0
6877,1
6880,1
6882,1
6883,1
6884,4
6885,3
6885,3
6886,0
6887,0
6890,3
6890,3
6890,3
6891,0
6892,0
6892,0
6892,0
6893,3
6893,3
6894,0
6896,3
6897,0
6898,2
6899,1
6904,0
6907,0
6908,2
6909,4
6910,5
6911,0
6913,4
6914,0
6916,0
6918,2
6920,0
6921,4
6924,0
6926,4
6927,0
6929,4
6930,4
6931,0
6932,2
6933,0
6934,2
6934,2
6934,2
6937,0
6938,1
6939,3
6942,0
6943,0
6944,3
6945,4
6947,0
6948,4
6950,0
6951,3
6952,3
6953,4
6954,3
6955,1
6957,0
6958,5
6958,5
6958,5
6959,3
6960,4
6960,4
6963,3
6964,4
6965,3
6966,4
6967,0
6969,3
6972,0
6973,4
6977,0
6978,3
6979,0
6980,0
6981,0
6982,3
6984,5
6985,0
6987,4
6989,5
6993,5
6994,2
6994,2
6994,2
6994,2
6995,5
6995,5
6995,5
6995,5
6996,1
6998,5
6999,1
7000,1
7001,1
7005,1
7007,0
7011,1
7013,1
7015,3
7016,4
7017,1
7018,2
7019,3
7020,0
7021,0
7022,1
7027,0
7028,1
7031,0
7032,0
7033,3
7034,3
7035,0
7036,0
7037,5
7040,0
7042,3
7043,5
7044,0
7045,2
7046,1
7048,1
7049,4
7050,2
7055,5
7056,4
7057,2
7061,2
7062,2
7063,1
7065,1
7065,1
7066,3
7068,3
7071,0
7072,2
7074,4
7075,3
7077,3
7077,3
7077,3
7078,1
7079,2
7081,2
7083,0
7084,2
7086,2
7088,3
7089,3
7090,3
7091,3
7093,2
7094,3
7095,0
7098,3
7099,1
7103,4
7104,4
7106,1
7107,0
7108,2
7110,2
7111,3
7113,1
7113,1
7114,0
7117,2
7119,2
7121,2
7122,5
7122,5
7123,0
7124,2
7125,2
7126,2
7127,2
7128,2
7129,2
7131,2
7133,3
7134,5
7135,1
7136,0
7138,2
7139,4
7140,2
7142,1
7144,2
7145,3
7146,1
7149,0
7150,2
7152,3
7153,3
7154,3
7155,2
7156,2
7157,2
7159,0
7161,1
7162,0
7165,1
7166,0
7167,2
7168,2
7168,2
7168,2
7169,5
7170,0
7171,2
7171,2
7171,2
7171,2
7171,2
7171,2
7171,2
7173,0
7174,4
7175,0
7180,0
7181,2
7181,2
7182,1
7182,1
7182,1
7183,5
7183,5
7184,0
7185,2
7186,5
7187,0
7188,2
7189,0
7191,0
7192,1
7192,1
7193,0
7194,2
7196,1
7198,2
7199,4
7200,5
7201,2
7202,3
7203,4
7204,2
7206,4
7208,0
7209,0
7211,1
7212,5
7213,1
7214,5
7215,4
7217,3
7217,3
7218,5
7219,5
7221,0
7223,4
7223,4
7224,4
7225,1
7226,5
7227,4
7229,4
7229,4
7230,4
7231,5
7232,0
7235,1
7235,1
7236,0
7237,4
7240,5
7242,4
7243,5
7245,4
7246,5
7248,0
7250,3
7255,3
7256,0
7256,0
7257,5
7258,4
7258,4
7258,4
7259,5
7259,5
7260,5
7261,2
7264,3
7265,3
7267,5
7268,5
7269,5
7272,5
7273,5
7274,5
7277,1
7278,5
7279,2
7280,0
7281,5
7282,5
7282,5
7283,5
7284,3
7285,1
7287,1
7289,1
7291,5
7292,3
7299,1
7300,5
7301,4
7301,4
7302,2
7303,0
7307,0
7308,0
7313,2
7315,1
7318,0
7319,0
7323,1
7325,2
7325,2
7325,2
7325,2
7327,2
7327,2
7327,2
7327,2
7327,2
7328,2
7329,0
7330,1
7331,1
7333,5
7334,0
7335,1
7336,1
7337,1
7338,1
7339,0
7340,1
7341,1
7342,1
7343,5
7344,2
7345,0
7346,1
7352,3
7354,0
7355,5
7356,2
7357,4
7358,0
7359,5
7360,2
7361,0
7362,0
7363,0
7365,4
7366,1
7367,3
7368,2
7371,1
7372,3
7372,3
7373,1
7376,3
7376,3
7377,1
7379,4
7380,3
7381,1
7381,1
7382,4
7383,4
7385,0
7387,0
7388,1
7388,1
7388,1
7388,1
7388,1
7389,1
7391,5
7393,4
7398,3
7401,4
7403,2
7406,0
7408,0
7410,0
7411,0
7411,0
7411,0
7413,0
7414,4
7417,5
7418,0
7419,0
7420,0
7422,1
7423,4
7426,4
7428,0
7430,1
7432,0
7433,2
7434,2
7435,2
7435,2
7437,0
7438,2
7439,2
7440,2
7440,2
7442,0
7443,2
7444,1
7446,0
7448,1
7450,0
7452,1
7454,0
7456,2
7457,3
7458,0
7459,1
7461,0
7463,0
7464,5
7465,1
7467,0
7468,5
7469,0
7471,0
7472,1
7474,0
7476,0
7477,2
7478,2
7480,0
7482,0
7486,4
7487,0
7490,4
7492,0
7493,1
7495,0
7497,1
7498,0
7499,1
7501,3
7503,0
7504,1
7505,2
7507,0
7508,3
7509,1
7510,2
7513,0
7514,4
7515,1
7517,0
7520,2
7522,0
7524,5
7525,1
7526,5
7527,5
7528,5
7530,4
7531,1
7534,0
7536,0
7538,0
7540,0
7542,0
7543,2
7544,2
7545,1
7547,0
7548,2
7549,2
7550,1
7552,0
7553,0
7554,2
7557,2
7558,5
7560,2
7561,5
7563,1
7566,0
7567,3
7571,1
7572,3
7574,1
7575,4
7575,4
7576,3
7579,0
7580,3
7581,0
7582,1
7586,3
7587,0
7588,0
7589,4
7590,4
7590,4
7591,0
7592,3
7593,0
7595,0
7596,5
7597,1
7598,3
7599,0
7601,4
7603,1
7605,3
7608,0
7610,1
7611,0
7612,5
7613,1
7616,3
7617,3
7617,3
7618,0
7619,2
7621,1
7621,1
7621,1
7623,2
7624,3
7625,0
7626,0
7626,0
7626,0
7626,0
7627,0
7628,0
7629,1
7630,3
7630,3
7631,5
7632,5
7633,4
7634,0
7635,3
7636,2
7636,2
7636,2
7636,2
7642,0
7643,0
7643,0
7643,0
7643,0
7647,0
7650,1
7651,0
7653,3
7654,0
7655,4
7655,4
7656,4
7658,1
7659,1
7661,3
7662,5
7666,3
7667,1
7671,0
7672,3
7673,3
7675,3
7676,3
7676,3
7678,0
7683,0
7687,0
7688,2
7689,2
7690,5
7692,4
7693,2
7696,2
7696,2
7696,2
7699,2
7701,3
7703,0
7705,3
7706,1
7707,3
7708,1
7709,0
7709,0
7709,0
7711,1
7713,3
7715,0
7717,3
7718,1
7719,3
7725,2
7726,0
7727,0
7731,1
7733,1
7734,4
7737,3
7739,4
7741,3
7742,2
7746,2
7748,3
7749,4
7754,4
7757,3
7758,4
7761,3
7763,0
7767,0
7769,2
7770,4
7771,2
7772,4
7774,3
7775,1
7777,1
7779,3
7781,1
7784,2
7787,1
7787,1
7788,3
7790,2
7792,2
7796,1
7799,2
7799,2
7799,2
7800,2
7804,3
7805,5
7806,4
7807,2
7808,5
7809,1
7810,0
7812,1
7813,0
7815,0
7816,1
7820,5
7824,3
7825,2
7826,0
7828,3
7829,3
7830,3
7832,1
7833,4
7834,1
7836,2
7837,0
7838,2
7841,0
7843,3
7844,0
7845,0
7846,0
7848,4
7849,4
7851,3
7852,4
7854,2
7855,0
7856,1
7857,2
7859,2
7860,0
7861,2
7862,3
7865,3
7868,2
7876,1
7877,5
7883,0
7887,3
7887,3
7888,1
7889,1
7891,1
7892,2
7895,1
7896,2
7897,2
7898,2
7899,4
7900,4
7901,4
7902,4
7905,2
7908,2
7912,5
7915,3
7916,4
7917,0
7921,5
7922,0
7923,0
7924,5
7926,4
7929,2
7929,2
7930,3
7932,2
7933,3
7933,3
7935,5
7935,5
7937,0
7938,0
7938,0
7938,0
7940,1
7943,1
7944,3
7944,3
7947,2
7949,0
7949,0
7950,0
7950,0
7950,0
7951,2
7952,4
7952,4
7952,4
7954,4
7954,4
7954,4
7955,4
7957,0
7958,5
7960,3
7960,3
7961,3
7963,4
7965,1
7966,2
7968,2
7969,1
7970,1
7973,3
7974,3
7975,3
7977,4
7978,3
7978,3
7979,3
7980,1
7980,1
7980,1
7981,2
7982,3
7983,2
7983,2
7983,2
7983,2
7984,3
7986,3
7988,2
7989,4
7990,4
7990,4
7990,4
7991,2
7991,2
7991,2
7991,2
7991,2
7993,4
7995,4
7996,2
7997,3
7997,3
7998,2
7999,4
8000,3
8001,5
8002,1
8003,1
8003,1
8003,1
8004,1
8005,4
8005,4
8005,4
8005,4
8005,4
8006,4
8006,4
8006,4
8006,4
8006,4
8010,2
8010,2
8010,2
8010,2
8011,0
8011,0
8011,0
8013,5
8015,1
8016,5
8017,1
8018,5
8020,0
8021,1
8022,5
8023,1
8026,0
8028,1
8029,4
8030,1
8032,5
8035,1
8036,4
8039,0
8040,4
8040,4
8040,4
8042,3
8043,3
8046,0
8049,5
8051,1
8052,5
8053,2
8054,5
8055,5
8056,5
8057,5
8059,5
8060,1
8061,5
8064,5
8065,1
8067,5
8069,1
8072,3
8073,0
8074,1
8080,1
8087,5
8088,5
8091,3
8092,5
8093,5
8094,5
8096,2
8097,4
8098,1
8100,5
8101,5
8102,5
8104,5
8105,1
8106,1
8108,3
8109,2
8110,1
8111,0
8112,0
8115,3
8118,1
8118,1
8119,2
8121,0
8122,2
8123,4
8124,2
8126,4
8127,2
8127,2
8128,5
8129,0
8130,0
8131,3
8132,1
8133,5
8134,0
8135,0
8139,1
8141,2
8142,0
8143,2
8146,0
8147,2
8147,2
8147,2
8147,2
8148,2
8149,2
8151,2
8153,2
8155,2
8158,0
8163,0
8166,1
8168,0
8169,4
8169,4
8169,4
8171,1
8171,1
8171,1
8171,1
8172,2
8173,3
8174,2
8177,0
8178,4
8178,4
8178,4
8179,4
8179,4
8180,4
8181,2
8182,2
8182,2
8182,2
8183,2
8183,2
8184,2
8186,2
8189,0
8191,2
8194,0
8194,0
8195,2
8196,3
8196,3
8197,2
8198,0
8199,2
8200,3
8201,2
8203,0
8206,0
8207,2
8208,3
8209,1
8210,2
8211,0
8212,2
8213,4
8215,0
8216,2
8218,2
8223,1
8225,0
8226,2
8226,2
8226,2
8226,2
8226,2
8226,2
8226,2
8227,5
8227,5
8227,5
8228,0
8228,0
8228,0
8228,0
8229,2
8231,0
8232,0
8233,0
8235,3
8236,0
8238,2
8241,2
8242,4
8243,4
8245,0
8246,5
8247,5
8248,2
8249,1
8250,5
8251,5
8252,5
8253,5
8254,5
8255,5
8256,5
8257,5
8258,5
8260,5
8261,5
8262,0
8263,1
8265,1
8266,5
8267,3
8267,3
8268,1
8269,5
8270,3
8270,3
8271,5
8272,5
8273,5
8274,2
8274,2
8276,0
8278,0
8279,2
8279,2
8281,0
8282,3
8284,0
8287,0
8288,0
8290,4
8291,3
8293,3
8296,0
8297,3
8299,0
8301,0
8302,3
8303,3
8304,0
8306,2
8306,2
8307,2
8310,0
8312,1
8315,4
8316,0
8317,5
8319,0
8320,5
8321,0
8323,5
8324,2
8326,1
8329,5
8329,5
8333,5
8342,1
8342,1
8344,0
8345,0
8346,4
8350,2
8352,0
8355,1
8357,2
8357,2
8357,2
8357,2
8357,2
8357,2
8358,4
8359,0
8360,0
8361,2
8362,0
8362,0
8365,0
8367,2
8368,2
8369,3
8370,4
8370,4
8370,4
8382,5
8383,0
8385,0
8385,0
8386,0
8388,2
8389,0
8390,0
8391,3
8391,3
8395,0
8396,4
8397,3
8402,0
8404,4
8405,5
8406,0
8407,0
8409,4
8410,2
8414,1
8417,1
8419,0
8421,1
8423,0
8424,3
8424,3
8426,0
8427,0
8428,1
8429,1
8432,5
8433,0
8434,0
8434,0
8434,0
8435,1
8436,0
8437,1
8438,1
8440,5
8441,0
8445,1
8446,1
8447,1
8448,1
8450,1
8453,1
8454,3
8456,4
8458,5
8461,4
8464,5
8466,3
8467,1
8469,5
8470,1
8471,1
8473,5
8474,0
8476,5
8478,5
8480,1
8483,2
8485,0
8486,2
8487,4
8489,4
8490,5
8492,0
8493,0
8494,2
8496,0
8497,4
8498,0
8499,1
8501,1
8503,1
8509,5
8510,1
8511,1
8513,0
8514,0
8515,3
8517,0
8518,0
8519,4
8521,0
8522,1
8524,4
8525,0
8526,0
8527,1
8529,1
8530,3
8531,0
8535,0
8537,4
8540,0
8543,1
8545,0
8547,1
8548,1
8549,0
8551,2
8552,3
8553,1
8554,2
8555,0
8555,0
8557,2
8560,0
8563,1
8568,1
8571,3
8572,3
8575,1
8580,1
8583,0
8586,3
8588,3
8591,2
8593,1
8594,3
8597,4
8599,3
8601,5
8602,2
8603,5
8604,5
8606,4
8608,5
8609,2
8610,2
8611,0
8613,2
8614,2
8617,4
8618,1
8618,1
8621,0
8623,1
8623,1
8626,2
8631,2
8632,2
8633,4
8634,4
8635,1
8637,5
8638,1
8640,5
8643,2
8644,5
8645,5
8647,5
8648,5
8649,5
8650,5
8651,5
8652,1
8653,5
8655,0
8657,5
8659,5
8660,3
8661,2
8661,2
8662,2
8663,4
8665,0
8666,3
8666,3
8666,3
8666,3
8669,0
8670,0
8673,3
8673,3
8674,0
8676,5
8679,1
8682,1
8683,1
8687,2
8689,5
8691,5
8694,1
8694,1
8696,4
8696,4
8702,0
8703,1
8704,0
8705,1
8706,3
8707,0
8707,0
8708,3
8708,3
8709,3
8712,2
8714,3
8715,4
8718,2
8719,1
8719,1
8719,1
8719,1
8722,2
8723,2
8724,2
8726,1
8727,1
8729,5
8730,1
8732,1
8733,0
8734,2
8737,0
8738,2
8738,2
8738,2
8741,5
8742,0
8743,2
8747,0
8748,0
8750,4
8751,0
8752,0
8753,3
8754,0
8755,0
8756,4
8756,4
8756,4
8756,4
8758,0
8760,2
8760,2
8760,2
8761,1
8763,0
8764,0
8765,1
8766,3
8767,0
8768,2
8769,2
8769,2
8770,3
8771,0
8772,0
8773,2
8773,2
8773,2
8773,2
8774,2
8776,0
8777,2
8777,2
8777,2
8777,2
8777,2
8778,3
8779,0
8780,0
8782,0
8783,2
8785,0
8786,2
8788,0
8790,2
8792,0
8796,0
8797,2
8797,2
8797,2
8797,2
8797,2
8799,0
8800,3
8804,0
8806,2
8806,2
8809,3
8810,0
8811,2
8811,2
8813,0
8814,2
8815,2
8817,0
8822,0
8824,0
8825,4
8826,4
8828,1
8829,0
8830,4
8830,4
8833,4
8835,2
8839,0
8839,0
8841,5
8842,0
8843,1
8845,5
8846,5
8847,3
8847,3
8847,3
8848,0
8848,0
8849,3
8851,5
8852,4
8853,1
8853,1
8853,1
8853,1
8853,1
8854,2
8855,3
8855,3
8855,3
8855,3
8855,3
8856,0
8856,0
8856,0
8857,2
8859,3
8860,2
8860,2
8862,2
8863,1
8865,0
8869,0
8870,0
8872,1
8873,0
8878,2
8881,4
8882,0
8887,1
8889,5
8891,0
8892,0
8893,0
8894,4
8895,4
8896,5
8898,0
8899,0
8900,5
8902,0
8903,2
8907,5
8907,5
8908,2
8909,3
8909,3
8910,4
8910,4
8913,3
8917,2
8920,3
8925,3
8928,0
8929,1
8930,3
8931,1
8935,0
8938,2
8941,2
8944,3
8944,3
8948,0
8952,3
8953,4
8954,1
8955,1
8958,2
8959,5
8960,1
8961,2
8961,2
8961,2
8962,2
8962,2
8963,1
8964,0
8965,0
8966,2
8967,3
8968,1
8969,2
8969,2
8969,2
8969,2
8969,2
8969,2
8969,2
8969,2
8969,2
8969,2
8969,2
8970,2
8972,3
8973,2
8973,2
8973,2
8974,2
8975,2
8976,2
8977,2
8979,3
8980,5
8982,2
8982,2
8983,2
8983,2
8983,2
8984,0
8985,2
8989,2
8989,2
8990,4
8990,4
8991,2
8995,2
8996,5
8997,4
8997,4
8997,4
8998,1
8998,1
8998,1
9002,2
9003,2
9005,2
9006,2
9006,2
9007,2
9008,2
9009,1
9010,2
9011,5
9012,2
9014,2
9014,2
9014,2
9014,2
9015,2
9016,2
9018,2
9020,2
9021,3
9022,2
9023,2
9024,2
9026,2
9026,2
9027,2
9028,2
9029,2
9030,0
9030,0
9031,2
9032,5
9033,1
9033,1
9034,5
9036,2
9037,1
9038,2
9040,2
9042,2
9044,5
9045,3
9047,0
9049,0
9051,0
9054,1
9056,1
9057,4
9058,1
9059,0
9060,0
9065,0
9066,4
9069,0
9070,3
9076,3
9076,3
9076,3
9078,3
9078,3
9079,0
9080,2
9082,3
9083,1
9085,3
9087,2
9089,4
9089,4
9089,4
9091,1
9093,4
9094,1
9095,3
9096,2
9097,1
9099,1
9101,4
9101,4
9101,4
9104,4
9105,2
9107,3
9110,1
9111,5
9113,5
9114,5
9117,1
9117,1
9120,3
9122,1
9123,5
9124,4
9127,2
9127,2
9127,2
9127,2
9130,5
9131,3
9132,1
9133,0
9135,4
9140,2
9142,4
9142,4
9144,3
9146,3
9147,5
9148,4
9151,0
9152,3
9153,4
9155,4
9156,0
9160,4
9161,4
9164,2
9165,0
9166,1
9168,5
9171,3
9173,2
9174,5
9175,5
9176,0
9177,2
9178,0
9178,0
9179,0
9180,0
9180,0
9182,3
9184,1
9186,2
9188,2
9190,0
9192,4
9192,4
9192,4
9192,4
9193,2
9195,2
9198,2
9199,0
9200,1
9203,3
9208,1
9209,5
9210,2
9210,2
9212,2
9214,2
9214,2
9214,2
9214,2
9215,2
9216,5
9217,5
9218,1
9222,5
9223,5
9225,5
9226,4
9228,5
9229,1
9231,5
9233,1
9235,5
9236,1
9238,0
9239,5
9241,5
9242,1
9244,2
9245,5
9246,1
9248,2
9249,1
9250,5
9251,0
9253,3
9256,3
9257,5
9258,5
9259,0
9260,0
9261,2
9262,3
9265,0
9266,0
9267,0
9271,4
9273,5
9276,0
9277,3
9278,5
9279,4
9281,5
9283,0
9283,0
9286,0
9287,4
9288,2
9289,5
9290,2
9292,2
9294,0
9294,0
9297,0
9298,4
9299,2
9300,5
9301,2
9303,2
9305,0
9305,0
9308,0
9309,4
9310,2
9311,5
9312,2
9314,2
9315,4
9315,4
9315,4
9315,4
9315,4
9316,0
9319,0
9320,2
9320,2
9320,2
9320,2
9323,5
9324,3
9327,2
9328,3
9330,5
9332,2
9333,1
9334,1
9336,5
9337,2
9337,2
9338,2
9339,3
9341,4
9343,3
9344,5
9345,2
9346,2
9346,2
9347,2
9348,5
9349,5
9350,5
9350,5
9350,5
9352,2
9355,2
9358,5
9359,2
9360,2
9362,2
9363,5
9365,5
9366,5
9366,5
9370,3
9374,2
9375,4
9376,2
9377,5
9378,5
9380,4
9382,5
9383,2
9385,5
9387,1
9388,2
9389,1
9389,1
9393,2
9395,5
9396,5
9397,5
9398,2
9399,3
9401,0
9403,2
9405,5
9406,2
9407,3
9409,5
9410,5
9410,5
9413,2
9415,3
9418,2
9419,4
9420,2
9422,5
9423,5
9424,2
9424,2
9425,3
9428,2
9430,5
9431,4
9432,1
9434,2
9435,3
9437,3
9438,5
9439,5
9440,5
9441,5
9442,5
9443,5
9446,4
9448,4
9449,3
9451,3
9455,5
9455,5
9459,4
9460,5
9460,5
9463,1
9463,1
9464,4
9464,4
9465,5
9465,5
9466,1
9467,2
9468,2
9469,5
9470,0
9472,0
9474,1
9476,1
9478,0
9480,1
9481,2
9482,0
9484,1
9485,0
9486,0
9487,1
9488,0
9489,0
9490,2
9490,2
9492,1
9493,5
9494,2
9495,4
9496,4
9497,0
9498,2
9500,1
9501,0
9502,0
9503,0
9503,0
9503,0
9504,1
9505,4
9508,0
9508,0
9509,0
9511,1
9512,3
9516,0
9517,1
9518,5
9519,4
9522,2
9523,3
9523,3
9523,3
9524,3
9527,5
9528,3
9528,3
9528,3
9529,3
9532,5
9533,4
9534,5
9535,5
9536,4
9536,4
9536,4
9537,5
9538,5
9540,2
9542,2
9544,2
9547,4
9549,5
9550,5
9551,5
9552,5
9553,5
9554,5
9555,0
9556,4
9557,5
9558,3
9558,3
9558,3
9559,3
9562,5
9564,0
9564,0
9564,0
9564,0
9566,2
9569,1
9570,1
9571,1
9573,4
9574,1
9575,5
9580,1
9582,1
9584,1
9585,0
9586,0
9587,1
9588,1
9591,4
9592,3
9593,3
9594,0
9595,3
9596,3
9597,0
9598,0
9599,5
9600,4
9602,3
9603,0
9604,1
9605,3
9606,0
9607,1
9609,0
9610,1
9612,0
9616,1
9617,5
9618,0
9619,4
9620,3
9621,0
9623,2
9624,1
9625,1
9629,1
9629,1
9629,1
9629,1
9629,1
9630,5
9634,1
9637,5
9639,1
9642,5
9643,0
9644,1
9645,1
9646,5
9648,0
9651,5
9653,5
9654,3
9654,3
9656,0
9657,5
9660,1
9661,5
9662,1
9663,5
9664,1
9665,5
9666,1
9667,5
9668,1
9669,5
9670,1
9671,5
9672,5
9673,2
9674,0
9675,5
9676,0
9677,5
9678,0
9679,0
9682,1
9684,1
9685,1
9686,0
9689,4
9690,1
9692,0
9693,1
9694,4
9694,4
9694,4
9695,0
9695,0
9696,1
9696,1
9698,0
9700,2
9701,3
9702,3
9703,1
9703,1
9706,0
9707,4
9708,4
9709,4
9714,0
9715,4
9716,0
9716,0
9716,0
9716,0
9716,0
9717,4
9723,1
9725,1
9726,5
9727,0
9729,0
9730,5
9731,5
9732,1
9733,0
9738,3
9740,5
9741,0
9742,5
9744,5
9746,2
9748,5
9749,1
9750,5
9752,0
9754,3
9755,2
9756,0
9757,1
9758,0
9759,2
9762,0
9763,0
9764,4
9765,5
9766,4
9767,4
9768,0
9768,0
9768,0
9768,0
9768,0
9769,3
9770,4
9772,0
9774,4
9775,5
9777,0
9778,1
9780,3
9781,3
9782,5
9783,5
9783,5
9783,5
9784,2
9784,2
9789,5
9790,1
9790,1
9791,1
9792,2
9793,5
9794,1
9795,5
9795,5
9796,2
9798,5
9798,5
9800,0
9800,0
9801,0
9804,5
9805,5
9805,5
9806,0
9807,0
9808,0
9809,1
9811,5
9811,5
9811,5
9811,5
9812,0
9813,2
9814,1
9815,0
9817,5
9818,5
9818,5
9820,1
9829,0
9831,0
9832,1
9834,0
9835,0
9835,0
9836,5
9837,0
9838,4
9839,4
9841,1
9842,1
9843,0
9844,0
9846,0
9847,4
9847,4
9848,5
9850,0
9851,4
9851,4
9852,5
9854,0
9856,4
9857,0
9857,0
9858,0
9859,2
9859,2
9860,4
9861,3
9863,0
9864,1
9864,1
9865,5
9867,1
9868,5
9869,0
9871,3
9872,0
9873,1
9875,3
9876,0
9877,2
9877,2
9879,2
9880,4
9881,2
9881,2
9881,2
9882,0
9882,0
9882,0
9882,0
9882,0
9883,2
9884,2
9885,2
9886,2
9886,2
9886,2
9886,2
9886,2
9886,2
9886,2
9886,2
9886,2
9886,2
9888,0
9889,2
9890,2
9890,2
9890,2
9890,2
9890,2
9891,2
9892,2
9893,0
9893,0
9894,2
9896,0
9898,3
9898,3
9900,1
9901,2
9902,1
9903,0
9903,0
9903,0
9903,0
9904,0
9906,0
9906,0
9909,4
9912,0
9915,1
9917,0
9922,5
9924,0
9924,0
9924,0
9926,5
9927,2
9927,2
9927,2
9928,1
9929,2
9930,2
9931,0
9931,0
9932,1
9934,2
9935,1
9935,1
9936,2
9936,2
9937,1
9939,1
9940,0
9941,0
9941,0
9942,4
9942,4
9943,2
9944,2
9945,0
9946,2
9949,2
9951,2
9952,0
9953,0
9954,0
9955,3
9956,2
9958,0
9958,0
9959,4
9960,1
9962,2
9962,2
9962,2
9963,2
9964,3
9964,3
9964,3
9964,3
9964,3
9964,3
9965,1
9966,1
9967,2
9967,2
9969,2
9972,4
9972,4
9975,1
9976,1
9977,3
9978,0
9978,0
9981,5
9984,3
9985,1
9986,3
9988,5
9989,2
9989,2
9990,1
9992,4
9994,2
9995,0
9996,2
9998,5
9998,5
9999,3
9999,3
9999,3
10002,5
10003,4
10004,4
10005,4
10006,2
10007,2
10011,2
10012,1
10014,4
10016,5
10018,3
10019,2
10020,3
10020,3
10021,4
10022,3
10022,3
10023,1
10024,4
10025,0
10026,4
10027,0
10028,1
10030,1
10031,2
10031,2
10031,2
10031,2
10032,2
10032,2
10032,2
10033,0
10034,3
10036,2
10037,2
10037,2
10038,1
10038,1
10041,2
10042,5
10047,2
10048,2
10049,2
10049,2
10049,2
10051,2
10052,4
10052,4
10053,1
10055,0
10057,4
10062,5
10063,2
10064,2
10066,1
10068,1
10069,5
10071,2
10073,2
10074,3
10075,2
10076,2
10077,2
10078,2
10079,5
10083,0
10085,3
10086,0
10089,2
10092,1
10094,2
10097,1
10098,2
10100,4
10100,4
10100,4
10101,0
10102,2
10103,2
10111,3
10112,5
10112,5
10112,5
10113,2
10115,2
10117,3
10119,4
10123,0
10128,2
10129,0
10131,2
10132,2
10133,5
10133,5
10134,5
10134,5
10135,2
10136,2
10136,2
10137,0
10138,2
10139,2
10140,5
10140,5
10141,5
10141,5
10144,1
10145,2
10146,1
10149,0
10151,3
10152,3
10153,5
10154,0
10155,2
10156,5
10159,3
10162,0
10164,3
10168,0
10170,4
10171,4
10172,0
10174,0
10175,4
10176,0
10177,2
10177,2
10177,2
10178,4
10178,4
10179,3
10180,4
10180,4
10181,0
10185,0
10186,0
10188,2
10192,0
10194,1
10203,0
10205,1
10206,2
10207,1
10210,4
10214,1
10217,0
10217,0
10220,1
10222,3
10222,3
10225,5
10226,1
10228,5
10231,5
10231,5
10232,1
10233,5
10234,0
10235,0
10238,5
10238,5
10239,1
10242,1
10243,5
10246,5
10246,5
10247,5
10248,1
10249,5
10250,1
10251,5
10253,5
10255,5
10255,5
10256,4
10256,4
10257,0
10259,2
10260,2
10260,2
10260,2
10261,1
10261,1
10261,1
10261,1
10262,1
10264,2
10265,4
10265,4
10265,4
10265,4
10266,1
10267,2
10268,3
10269,2
10272,0
10275,2
10276,2
10277,5
10281,4
10281,4
10282,3
10284,4
10284,4
10284,4
10285,3
10289,2
10289,2
10290,3
10297,2
10298,4
10299,4
10302,3
10302,3
10303,2
10304,2
10305,3
10308,3
10308,3
10309,2
10310,2
10311,3
10313,2
10314,4
10316,2
10317,5
10319,3
10319,3
10320,2
10321,1
10328,3
10333,3
10335,2
10335,2
10339,3
10340,2
10340,2
10343,3
10351,2
10354,4
10355,4
10357,2
10360,2
10363,4
10366,1
10367,2
10369,2
10370,2
10374,2
10375,2
10376,2
10377,2
10379,1
10381,0
10388,3
10391,1
10394,1
10398,2
10400,2
10401,2
10403,3
10404,2
10408,2
10412,3
10414,2
10418,3
10418,3
10419,2
10422,5
10423,5
10427,3
10434,5
10436,1
10441,2
10442,0
10443,1
10446,2
10448,2
10449,0
10450,3
10451,3
10455,4
10456,2
10457,2
10458,3
10460,2
10462,5
10465,1
10466,3
10467,1
10469,2
10470,3
10471,2
10472,2
10482,5
10496,2
10497,5
10507,2
10511,3
10512,3
10513,3
10513,3
10513,3
10514,3
10515,2
10516,3
10517,3
10518,3
10522,3
10527,0
10528,0
10531,5
10532,5
10533,0
10533,0
10534,4
10535,0
10536,0
10537,5
10538,5
10539,3
10540,2
10540,2
10540,2
10541,2
10542,2
10543,2
10543,2
10545,5
10547,5
10549,2
10550,1
10551,4
10552,5
10554,0
10555,4
10556,4
10556,4
10557,5
10560,5
10563,2
10563,2
10566,3
10568,0
10568,0
10568,0
10569,4
10569,4
10569,4
10569,4
10569,4
10570,1
10571,1
10571,1
10572,1
10573,0
10574,0
10575,1
10577,2
10580,1
10582,4
10585,1
10585,1
10588,2
10589,1
10590,2
10592,2
10593,2
10594,2
10597,3
10598,3
10599,3
10600,3
10602,4
10602,4
10602,4
10603,0
10603,0
10603,0
10604,1
10605,0
10607,3
10607,3
10608,4
10608,4
10610,3
10612,3
10613,5
10614,0
10615,2
10616,2
10616,2
10618,2
10619,5
10620,5
10621,3
10622,1
10624,0
10625,0
10626,4
10627,4
10627,4
10628,4
10630,3
10630,3
10630,3
10630,3
10630,3
10630,3
10630,3
10633,2
10635,0
10636,4
10637,4
10639,2
10641,1
10642,5
10655,0
10655,0
10656,0
10656,0
10656,0
10657,1
10658,2
10658,2
10658,2
10660,5
10660,5
10661,5
10662,1
10663,5
10664,3
10664,3
10664,3
10664,3
10664,3
10664,3
10665,1
10668,5
10669,0
10670,3
10670,3
10671,4
10671,4
10672,1
10674,2
10676,2
10677,2
10677,2
10677,2
10679,2
10681,2
10681,2
10681,2
10685,2
10687,2
10688,4
10689,2
10691,2
10693,3
10695,3
10696,5
10699,4
10699,4
10699,4
10699,4
10701,3
10702,1
10703,0
10703,0
10704,0
10704,0
10705,2
10706,0
10707,5
10708,4
10708,4
10709,2
10710,5
10711,2
10712,2
10713,2
10715,3
10717,2
10717,2
10717,2
10718,0
10719,3
10719,3
10719,3
10719,3
10720,5
10721,3
10722,0
10723,0
10724,1
10726,1
10727,5
10728,0
10729,1
10730,5
10731,1
10732,5
10734,1
10735,5
10736,1
10737,5
10739,1
10740,5
10741,5
10746,5
10748,0
10750,1
10754,1
10755,4
10758,0
10759,4
10760,1
10763,4
10765,5
10768,2
10770,0
10772,5
10773,2
10773,2
10774,3
10774,3
10774,3
10776,2
10778,2
10780,2
10782,0
10783,5
10785,4
10786,2
10788,2
10790,3
10791,4
10792,2
10794,2
10796,3
10797,3
10797,3
10798,2
10800,2
10802,2
10804,3
10805,2
10806,2
10809,5
10810,5
10812,0
10813,0
10813,0
10814,2
10815,0
10816,2
10817,5
10820,1
10821,5
10821,5
10822,3
10823,2
10824,5
10828,3
10829,0
10830,1
10831,3
10833,2
10834,2
10838,1
10840,1
10841,4
10842,1
10843,1
10844,0
10847,0
10849,2
10850,4
10852,0
10854,2
10856,1
10857,5
10859,3
10861,1
10863,5
10864,0
10868,0
10869,0
10870,0
10880,2
10881,4
10882,4
10886,2
10887,4
10888,4
10898,5
10900,5
10901,5
10902,5
10903,2
10903,2
10905,5
10907,2
10909,5
10911,2
10911,2
10912,5
10914,1
10915,5
10916,2
10916,2
10917,5
10918,4
10919,2
10919,2
10920,5
10921,2
10922,2
10922,2
10923,2
10924,5
10925,2
10925,2
10926,5
10927,2
10927,2
10928,5
10929,2
10929,2
10931,5
10933,5
10934,2
10936,2
10937,5
10938,2
10939,2
10939,2
10940,2
10941,5
10942,5
10943,5
10944,5
10944,5
10945,2
10947,5
10949,2
10950,2
10952,3
10953,5
10954,2
10956,2
10958,5
10959,2
10960,2
10960,2
10961,2
10962,5
10963,5
10967,5
10968,5
10969,2
10970,5
10971,5
10972,0
10972,0
10975,5
10976,2
10977,2
10979,5
10980,5
10981,2
10982,4
10982,4
10984,2
10986,5
10987,2
10988,2
10988,2
10990,3
10993,2
10995,5
10996,5
10998,1
11000,5
11001,2
11002,2
11003,2
11004,2
11006,5
11007,2
11008,5
11010,5
11011,2
11012,2
11012,2
11012,2
11013,3
11014,5
11015,0
11016,2
11017,3
11018,5
11019,5
11020,2
11020,2
11020,2
11021,2
11022,1
11024,5
11025,5
11028,5
11030,5
11032,5
11034,3
11034,3
11035,2
11038,5
11039,5
11039,5
11039,5
11039,5
11041,2
11043,5
11045,5
11047,2
11048,2
11050,5
11051,1
11053,5
11054,1
11056,5
11057,1
11059,0
11061,0
11062,4
11063,3
11064,5
11065,2
11065,2
11068,2
11071,5
11072,5
11074,2
11074,2
11075,4
11078,2
11079,5
11079,5
11081,2
11082,3
11083,5
11084,5
11084,5
11084,5
11085,3
11087,2
11089,5
11090,2
11092,2
11096,5
11097,2
11097,2
11097,2
11098,4
11099,4
11100,2
11102,4
11103,1
11104,3
11106,5
11107,4
11107,4
11108,2
11110,5
11111,1
11111,1
11113,2
11114,5
11115,2
11116,0
11116,0
11118,2
11120,5
11121,2
11121,2
11122,2
11123,3
11124,5
11125,2
11126,3
11127,2
11128,3
11129,5
11130,2
11131,3
11131,3
11131,3
11131,3
11131,3
11132,2
11133,3
11134,5
11135,3
11135,3
11135,3
11137,2
11138,2
11141,5
11142,1
11142,1
11144,2
11146,5
11147,5
11149,5
11150,2
11151,3
11151,3
11152,2
11153,4
11155,5
11156,2
11157,2
11158,2
11159,0
11160,4
11162,5
11163,3
11163,3
11163,3
11165,2
11167,2
11168,2
11170,5
11171,2
11171,2
11174,3
11177,5
11181,2
11181,2
11182,4
11184,5
11185,3
11187,2
11187,2
11188,4
11191,0
11192,3
11192,3
11192,3
11192,3
11192,3
11192,3
11192,3
11193,4
11193,4
11193,4
11193,4
11194,2
11194,2
11194,2
11194,2
11194,2
11196,4
11198,2
11200,2
11201,2
11201,2
11201,2
11202,2
11204,5
11205,2
11206,4
11206,4
11206,4
11206,4
11208,2
11209,3
11211,5
11212,0
11213,2
11214,1
11215,2
11216,5
11217,5
11218,1
11219,2
11220,1
11221,5
11222,5
11223,0
11223,0
11224,1
11224,1
11226,2
11227,2
11228,4
11229,2
11230,2
11232,2
11235,5
11236,0
11237,5
11238,0
11239,5
11240,0
11241,5
11242,5
11243,5
11244,0
11245,0
11246,5
11247,5
11248,5
11249,5
11251,5
11252,5
11253,5
11254,5
11255,2
11255,2
11258,4
11262,1
11264,1
11266,4
11267,3
11269,1
11271,4
11272,1
11274,0
11277,1
11279,0
11280,0
11282,1
11284,0
11286,1
11288,0
11289,1
11291,0
11294,1
11296,0
11297,4
11298,1
11300,0
11301,4
11302,3
11303,5
11307,0
11308,1
11308,1
11308,1
11309,0
11310,2
11311,1
11312,3
11315,0
11316,0
11317,2
11319,1
11322,0
11323,0
11324,5
11326,5
11327,5
11328,5
11329,5
11332,4
11333,1
11337,4
11338,1
11340,1
11342,2
11344,1
11345,0
11346,0
11347,1
11348,0
11349,1
11350,0
11351,0
11352,1
11353,0
11354,0
11355,1
11356,0
11357,0
11358,0
11359,1
11360,0
11361,0
11363,1
11364,3
11365,0
11367,5
11369,3
11369,3
11370,4
11371,3
11371,3
11372,4
11373,4
11374,4
11375,1
11376,5
11377,0
11380,1
11382,4
11384,0
11384,0
11385,0
11388,4
11391,1
11393,4
11395,0
11396,2
11398,5
11398,5
11398,5
11402,4
11402,4
11403,3
11404,5
11405,4
11405,4
11406,3
11407,5
11408,2
11410,1
11411,5
11412,5
11418,3
11424,1
11425,5
11429,1
11430,4
11431,5
11433,4
11435,4
11435,4
11438,1
11440,0
11442,1
11442,1
11446,2
11448,0
11449,3
11449,3
11449,3
11449,3
11450,1
11450,1
11451,2
11454,1
11456,3
11456,3
11456,3
11456,3
11456,3
11456,3
11457,1
11459,4
11460,1
11462,5
11465,2
11466,2
11466,2
11466,2
11467,1
11469,0
11470,4
11471,0
11473,4
11474,0
11478,1
11479,1
11479,1
11483,5
11484,0
11488,1
11489,5
11490,0
11491,2
11492,1
11493,4
11495,2
11496,1
11497,4
11499,1
11500,1
11501,2
11503,0
11505,1
11506,1
11507,5
11508,0
11510,5
11512,2
11515,1
11516,1
11518,1
11519,3
11519,3
11521,0
11522,0
11523,1
11525,0
11527,0
11528,0
11529,1
11530,0
11531,0
11532,1
11533,1
11534,5
11535,0
11536,5
11537,0
11538,1
11540,2
11542,1
11545,5
11547,1
11548,0
11549,3
11549,3
11550,1
11551,1
11552,1
11553,0
11554,3
11556,2
11557,2
11560,2
11564,4
11565,4
11569,1
11569,1
11573,0
11574,2
11577,5
11578,0
11579,1
11582,5
11583,0
11586,5
11588,5
11589,0
11591,5
11593,5
11595,0
11597,0
11598,3
11601,0
11602,3
11604,0
11607,0
11609,0
11611,0
11614,0
11615,4
11618,0
11619,0
11620,0
11620,0
11620,0
11620,0
11620,0
11624,0
11625,0
11625,0
11625,0
11625,0
11625,0
11626,3
11629,0
11634,1
11637,1
11639,1
11641,1
11645,0
11645,0
11646,1
11648,5
11649,2
11650,3
11651,3
11651,3
11651,3
11651,3
11652,2
11653,1
11656,4
11656,4
11657,1
11658,1
11659,3
11659,3
11662,5
11663,3
11664,3
11664,3
11665,2
11666,1
11667,3
11668,4
11669,1
11670,3
11670,3
11671,1
11673,1
11674,3
11674,3
11676,3
11678,3
11679,3
11679,3
11679,3
11679,3
11680,5
11681,5
11682,2
11682,2
11682,2
11682,2
11682,2
11684,3
11685,0
11686,5
11688,0
11689,1
11689,1
11693,2
11693,2
11693,2
11693,2
11693,2
11694,4
11697,3
11698,0
11699,0
11701,0
11702,0
11704,0
11705,1
11707,0
11708,0
11708,0
11709,5
11710,0
11711,1
11711,1
11711,1
11711,1
11712,0
11714,5
11716,1
11718,1
11719,1
11720,2
11721,1
11724,4
11726,0
11727,4
11729,1
11732,0
11733,1
11734,1
11735,3
11736,1
11737,1
11738,1
11740,4
11745,4
11745,4
11746,4
11747,4
11750,2
11750,2
11750,2
11752,2
11752,2
11752,2
11752,2
11752,2
11752,2
11752,2
11752,2
11752,2
11752,2
11754,1
11756,1
11757,1
11762,3
11762,3
11762,3
11763,2
11769,0
11771,2
11771,2
11771,2
11771,2
11771,2
11772,2
11773,2
11775,0
11779,4
11786,3
11787,5
11788,0
11789,4
11789,4
11789,4
11789,4
11790,3
11795,0
11798,0
11802,3
11803,0
11805,4
11806,3
11806,3
11808,3
11811,0
11813,2
11813,2
11813,2
11813,2
11815,5
11816,5
11818,2
11818,2
11818,2
11818,2
11820,5
11821,5
11824,2
11824,2
11826,3
11829,2
11829,2
11829,2
11830,1
11831,2
11833,2
11836,2
11837,0
11839,2
11841,2
11842,0
11847,2
11852,2
11855,4
11856,2
11858,2
11860,2
11862,5
11863,2
11864,0
11866,2
11867,3
11868,2
11869,0
11871,2
11871,2
11871,2
11871,2
11871,2
11871,2
11871,2
11872,1
11872,1
11872,1
11872,1
11874,2
11877,4
11877,4
11878,4
11878,4
11879,2
11879,2
11879,2
11880,4
11883,2
11886,0
11889,2
11890,5
11894,2
11895,5
11896,0
11899,2
11900,5
11901,0
11902,0
11906,2
11908,2
11910,0
11911,2
11911,2
11912,3
11912,3
11912,3
11913,2
11913,2
11914,5
11915,4
11916,3
11916,3
11918,3
11921,0
11923,5
11924,5
11926,3
11928,4
11933,4
11936,2
11936,2
11939,2
11944,2
11944,2
11945,1
11946,2
11958,3
11958,3
11959,0
11960,0
11963,0
11964,1
11965,5
11966,1
11968,1
11971,0
11972,1
11974,1
11976,2
11977,5
11977,5
11977,5
11978,1
11979,0
11980,1
11981,0
11982,1
11984,1
11991,0
11992,1
11993,1
11994,1
11999,0
12000,1
12001,1
12003,1
12004,0
12005,1
12008,2
12012,3
12013,1
12015,1
12016,5
12019,1
12021,2
12022,0
12024,1
12027,2
12028,4
12029,1
12030,1
12031,2
12033,1
12036,1
12038,1
12040,2
12041,1
12044,0
12045,1
12046,0
12048,2
12048,2
12048,2
12048,2
12050,0
12053,0
12055,1
12057,1
12059,0
12060,0
12064,4
12065,3
12066,2
12067,0
12068,0
12069,3
12070,1
12072,2
12073,1
12075,1
12077,4
12079,5
12080,2
12083,2
12086,2
12087,4
12089,2
12090,1
12091,2
12092,5
12093,3
12095,5
12100,1
12101,5
12102,2
12103,3
12103,3
12104,1
12105,1
12106,1
12107,0
12108,3
12110,0
12110,0
12111,2
12111,2
12112,1
12114,3
12115,5
12116,0
12118,0
12124,0
12125,4
12132,2
12132,2
12133,4
12135,3
12135,3
12135,3
12136,2
12136,2
12136,2
12138,2
12138,2
12138,2
12139,4
12141,3
12143,3
12143,3
12143,3
12144,0
12144,0
12144,0
12146,3
12146,3
12147,3
12147,3
12147,3
12147,3
12147,3
12147,3
12148,0
12148,0
12148,0
12148,0
12149,0
12149,0
12150,2
12151,3
12152,4
12153,2
12153,2
12153,2
12153,2
12153,2
12153,2
12157,1
12158,1
12162,2
12163,0
12164,2
12167,2
12167,2
12167,2
12167,2
12169,4
12170,1
12172,4
12172,4
12174,2
12174,2
12174,2
12176,2
12176,2
12176,2
12177,4
12178,3
12178,3
12178,3
12178,3
12181,4
12182,2
12183,4
12184,4
12185,5
12188,5
12190,5
12191,5
12193,3
12193,3
12193,3
12193,3
12194,1
12194,1
12196,4
12196,4
12197,1
12198,2
12200,1
12201,4
12201,4
12205,5
12206,3
12206,3
12209,2
12209,2
12210,5
12213,5
12214,2
12216,5
12217,1
12218,3
12219,4
12221,5
12225,1
12225,1
12225,1
12225,1
12225,1
12225,1
12225,1
12226,1
12227,1
12227,1
12227,1
12228,2
12231,1
12232,2
12234,5
12239,2
12240,0
12240,0
12242,2
12243,2
12243,2
12245,2
12245,2
12247,0
12248,2
12248,2
12250,3
12250,3
12252,0
12254,3
12255,5
12255,5
12256,2
12257,5
12259,1
12260,1
12262,1
12263,4
12264,1
12265,2
12266,0
12267,5
12267,5
12267,5
12268,3
12270,2
12272,0
12272,0
12272,0
12272,0
12273,0
12275,4
12275,4
12276,4
12277,4
12278,1
12278,1
12280,3
12281,0
12282,5
12283,1
12284,1
12285,5
12287,1
12288,5
12290,5
12291,5
12292,5
12294,1
12295,5
12296,5
12298,1
12299,5
12300,1
12301,5
12302,1
12303,5
12304,1
12305,5
12306,5
12308,1
12309,5
12311,1
12312,5
12313,0
12314,1
12315,5
12317,1
12318,5
12320,0
12321,1
12322,1
12323,5
12324,1
12325,5
12327,1
12328,5
12330,5
12331,5
12332,5
12333,5
12335,2
12335,2
12337,1
12340,0
12343,5
12344,1
12346,5
12349,1
12351,5
12353,4
12354,1
12359,1
12361,5
12362,4
12363,2
12364,1
12365,1
12367,5
12368,0
12371,0
12373,5
12373,5
12373,5
12373,5
12375,2
12375,2
12376,2
12377,1
12377,1
12377,1
12377,1
12378,3
12379,2
12381,1
12382,4
12383,0
12385,5
12388,2
12389,0
12391,4
12391,4
12392,3
12394,4
12394,4
12395,0
12396,3
12397,1
12398,3
12399,4
12400,4
12401,3
12401,3
12401,3
12401,3
12402,4
12403,3
12404,3
12406,1
12407,2
12408,0
12409,0
12414,5
12416,0
12417,2
12418,4
12419,0
12420,2
12421,5
12422,5
12423,0
12427,0
12428,3
12429,5
12430,5
12431,0
12432,4
12432,4
12434,1
12436,4
12437,1
12438,5
12439,0
12443,0
12446,1
12447,5
12448,0
12450,0
12451,3
12452,1
12454,0
12455,2
12456,4
12457,0
12458,2
12459,5
12460,0
12466,4
12468,4
12469,3
12471,2
12471,2
12472,0
12473,2
12474,1
12476,0
12478,3
12479,0
12482,4
12485,0
12486,1
12487,3
12488,0
12489,3
12491,0
12492,1
12494,0
12497,0
12498,0
12501,0
12503,2
12504,2
12505,3
12506,0
12507,3
12508,2
12510,0
12511,3
12512,2
12514,4
12518,1
12521,0
12524,4
12526,0
12527,4
12528,0
12529,0
12530,2
12531,4
12532,1
12533,0
12535,2
12536,1
12537,0
12538,0
12539,2
12539,2
12539,2
12541,3
12542,0
12544,1
12546,0
12548,5
12549,2
12551,0
12552,4
12552,4
12553,2
12553,2
12554,0
12555,3
12557,2
12558,3
12560,0
12561,3
12563,2
12564,0
12565,0
12566,5
12566,5
12566,5
12568,1
12574,1
12575,4
12575,4
12575,4
12576,1
12577,3
12580,0
12581,1
12582,0
12583,2
12583,2
12583,2
12583,2
12584,3
12585,1
12586,0
12587,2
12587,2
12587,2
12589,0
12589,0
12590,3
12591,1
12592,0
12593,2
12593,2
12593,2
12593,2
12596,2
12597,4
12598,0
12603,2
12605,0
12606,3
12608,1
12609,0
12610,2
12610,2
12611,2
12612,3
12613,1
12614,0
12615,2
12615,2
12615,2
12618,2
12619,1
12620,0
12623,5
12623,5
12624,2
12624,2
12626,3
12628,5
12629,0
12629,0
12631,0
12632,4
12634,3
12635,1
12637,1
12638,1
12639,5
12642,1
12644,0
12645,1
12648,0
12649,2
12658,1
12659,0
12661,0
12661,0
12661,0
12661,0
12663,3
12667,5
12668,0
12671,5
12672,0
12675,0
12676,1
12677,0
12681,1
12682,0
12686,2
12687,0
12688,2
12691,2
12692,2
12693,2
12694,2
12696,2
12697,2
12699,2
12700,5
12701,2
12702,3
12702,3
12703,2
12704,3
12704,3
12705,2
12707,1
12712,0
12713,4
12714,2
12714,2
12714,2
12715,0
12716,4
12717,0
12717,0
12718,0
12719,0
12720,0
12721,4
12722,2
12722,2
12722,2
12723,0
12724,4
12725,0
12725,0
12726,0
12728,0
12729,0
12734,3
12735,3
12738,2
12739,3
12740,2
12743,2
12744,4
12747,1
12750,1
12751,2
12752,2
12757,2
12757,2
12757,2
12758,1
12759,0
12760,1
12761,0
12762,2
12763,3
12764,0
12765,1
12767,2
12768,5
12770,5
12771,5
12772,2
12774,2
12775,3
12777,0
12778,2
12781,1
12784,1
12785,0
12786,3
12788,2
12789,0
12791,1
12792,0
12793,2
12793,2
12793,2
12793,2
12793,2
12795,2
12797,4
12797,4
12797,4
12798,1
12800,4
12801,1
12802,1
12803,0
12804,0
12805,1
12806,0
12807,1
12808,1
12810,1
12812,1
12815,0
12816,2
12819,1
12823,4
12824,4
12825,4
12826,1
12827,0
12829,0
12830,4
12831,1
12832,4
12834,1
12835,0
12836,2
12838,0
12838,0
12839,5
12840,1
12841,0
12843,1
12844,0
12844,0
12844,0
12845,0
12846,1
12847,4
12847,4
12847,4
12848,4
12849,3
12850,5
12851,1
12852,0
12854,2
12854,2
12856,4
12857,4
12858,3
12858,3
12859,1
12860,4
12862,0
12863,1
12864,0
12867,1
12868,1
12871,1
12873,1
12874,0
12875,1
12875,1
12876,3
12879,3
12881,3
12883,0
12884,3
12887,3
12888,1
12892,1
12893,0
12896,1
12899,1
12900,0
12904,0
12905,3
12906,1
12907,0
12908,1
12910,1
12911,1
12912,0
12913,2
12914,4
12916,1
12917,0
12920,0
12920,0
12921,1
12923,0
12924,3
12925,0
12930,0
12931,1
12931,1
12931,1
12933,1
12934,4
12937,0
12938,3
12938,3
12938,3
12939,3
12940,1
12941,0
12944,5
12947,5
12948,0
12949,0
12950,0
12951,2
12953,1
12954,0
12955,5
12958,2
12960,0
12963,0
12964,0
12965,5
12966,0
12967,0
12969,0
12970,2
12971,0
12972,5
12974,0
12975,0
12977,0
12978,2
12980,2
12980,2
12982,3
12983,1
12986,3
12987,3
12990,1
12991,0
12993,5
12995,3
12995,3
12996,1
12997,0
12999,3
12999,3
12999,3
13005,1
13006,0
13007,0
13011,3
13012,3
13014,0
13015,1
13017,0
13018,1
13019,0
13021,2
13022,2
13022,2
13023,0
13024,1
13028,0
13030,3
13031,0
13032,1
13033,0
13037,1
13038,0
13039,2
13039,2
13039,2
13039,2
13039,2
13040,2
13042,1
13043,0
13044,0
13044,0
13046,1
13049,1
13050,0
13055,0
13055,0
13056,2
13057,2
13058,3
13060,0
13061,0
13061,0
13061,0
13062,1
13063,0
13065,0
13068,0
13070,2
13071,3
13072,0
13073,2
13076,1
13077,3
13078,0
13079,2
13079,2
13079,2
13080,1
13081,0
13081,0
13082,1
13083,0
13084,2
13084,2
13084,2
13085,1
13086,0
13086,0
13087,3
13087,3
13087,3
13088,0
13090,1
13091,0
13092,0
13094,0
13094,0
13094,0
13094,0
13095,2
13095,2
13096,2
13098,0
13099,3
13099,3
13099,3
13099,3
13100,4
13102,4
13103,4
13105,0
13106,0
13107,2
13107,2
13107,2
13107,2
13107,2
13110,2
13111,4
13111,4
13113,4
13114,0
13116,0
13117,3
13118,1
13119,0
13120,0
13121,2
13124,1
13127,0
13128,3
13128,3
13128,3
13129,3
13129,3
13129,3
13129,3
13129,3
13132,3
13134,2
13135,5
13136,0
13137,5
13139,0
13140,3
13142,0
13143,0
13144,3
13146,3
13147,4
13148,0
13150,0
13151,1
13152,1
13153,4
13154,2
13155,5
13157,2
13159,1
13160,2
13161,0
13163,0
13163,0
13165,2
13167,2
13167,2
13169,1
13170,0
13171,0
13172,0
13173,2
13173,2
13174,1
13176,4
13178,1
13180,2
13182,3
13184,2
13185,2
13187,2
13188,5
13189,5
13190,0
13192,3
13192,3
13194,3
13196,0
13198,1
13202,0
13209,4
13209,4
13211,1
13212,0
13215,0
13216,4
13219,0
13220,2
13221,2
13221,2
13222,1
13223,0
13226,0
13227,4
13229,0
13231,3
13233,5
13234,0
13235,5
13238,0
13239,5
13242,0
13243,5
13244,0
13245,5
13246,0
13247,5
13248,0
13249,5
13250,0
13251,5
13252,0
13253,5
13254,0
13255,5
13256,0
13257,5
13258,0
13259,5
13260,0
13261,5
13262,2
13264,1
13267,1
13268,0
13269,2
13269,2
13269,2
13269,2
13269,2
13269,2
13269,2
13269,2
13270,1
13271,0
13272,5
13276,1
13278,1
13279,1
13280,3
13281,3
13282,1
13284,4
13285,1
13286,0
13287,5
13288,0
13291,5
13292,0
13293,1
13297,1
13298,0
13299,5
13300,3
13303,3
13306,0
13307,5
13308,4
13311,0
13315,1
13316,0
13317,3
13320,1
13322,4
13325,2
13325,2
13326,1
13327,3
13329,3
13329,3
13329,3
13329,3
13331,0
13333,1
13335,3
13336,4
13336,4
13336,4
13336,4
13338,0
13340,1
13346,3
13347,2
13347,2
13349,2
13349,2
13350,0
13351,4
13354,1
13356,2
13358,5
13361,0
13362,4
13362,4
13363,1
13364,2
13367,1
13370,4
13371,5
13372,5
13374,0
13375,4
13376,4
13376,4
13376,4
13376,4
13377,1
13378,0
13379,5
13380,0
13387,0
13388,1
13391,3
13392,5
13392,5
13393,5
13394,5
13395,0
13398,3
13401,0
13403,0
13405,0
13406,0
13407,0
13409,0
13410,1
13412,0
13414,0
13415,4
13417,5
13418,5
13419,0
13420,2
13423,3
13425,3
13426,0
13427,2
13430,3
13431,0
13432,0
13432,0
13433,3
13434,3
13435,3
13436,0
13437,0
13439,0
13440,3
13441,0
13442,0
13445,5
13446,0
13447,0
13448,3
13449,5
13451,0
13452,2
13453,0
13454,1
13455,0
13456,1
13456,1
13456,1
13457,2
13458,3
13459,1
13461,3
13462,0
13464,0
13468,0
13469,3
13470,0
13472,4
13473,4
13474,0
13476,1
13478,5
13480,0
13481,0
13482,2
13483,1
13486,3
13488,0
13490,4
13491,1
13492,0
13493,0
13494,3
13496,0
13497,0
13499,1
13500,0
13504,1
13505,0
13509,0
13510,0
13511,4
13512,3
13514,1
13514,1
13515,1
13516,5
13518,5
13520,0
13521,0
13522,0
13523,4
13524,0
13525,4
13525,4
13526,0
13529,3
13530,1
13531,0
13534,2
13535,0
13537,0
13538,5
13539,0
13540,1
13541,0
13542,2
13543,5
13544,0
13545,1
13546,0
13549,1
13550,4
13550,4
13550,4
13551,1
13554,0
13558,1
13561,0
13562,1
13562,1
13563,5
13563,5
13564,1
13564,1
13565,0
13565,0
13566,0
13567,3
13572,4
13573,0
13574,0
13576,1
13578,3
13580,4
13581,0
13584,1
13588,0
13589,4
13590,0
13591,5
13591,5
13592,1
13593,0
13594,1
13595,2
13596,2
13597,3
13600,1
13601,1
13602,0
13603,0
13603,0
13604,0
13604,0
13607,2
13609,3
13610,0
13611,2
13612,3
13616,1
13618,0
13619,0
13620,0
13620,0
13621,2
13623,3
13624,5
13625,4
13626,2
13627,4
13628,3
13628,3
13629,0
13630,1
13632,2
13635,5
13636,2
13637,1
13639,0
13640,3
13640,3
13640,3
13640,3
13640,3
13640,3
13640,3
13640,3
13640,3
13640,3
13641,1
13642,5
13642,5
13642,5
13642,5
13642,5
13642,5
13642,5
13642,5
13642,5
13642,5
13644,0
13644,0
13644,0
13645,1
13647,2
13648,0
13649,0
13652,5
13653,0
13654,0
13654,0
13655,2
13656,1
13659,0
13661,3
13662,3
13665,1
13666,0
13670,0
13677,1
13678,1
13681,1
13682,0
13684,3
13685,3
13685,3
13686,0
13689,0
13691,0
13692,5
13693,0
13694,2
13695,0
13695,0
13695,0
13695,0
13695,0
13696,2
13697,0
13698,2
13699,4
13700,0
13704,0
13704,0
13705,3
13705,3
13706,3
13707,0
13708,0
13709,0
13710,0
13711,4
13711,4
13712,4
13712,4
13715,0
13716,5
13718,5
13719,0
13720,5
13721,0
13722,5
13723,0
13724,5
13725,0
13726,5
13727,5
13728,0
13729,5
13730,5
13731,0
13732,5
13733,0
13734,5
13735,5
13736,0
13737,5
13738,0
13739,5
13740,0
13741,5
13742,0
13743,5
13744,5
13745,5
13746,1
13747,2
13748,1
13749,5
13750,5
13752,1
13754,1
13756,1
13757,0
13758,5
13760,5
13761,5
13762,5
13763,5
13764,5
13766,5
13767,5
13768,5
13769,5
13770,5
13771,5
13772,5
13773,5
13774,1
13775,5
13776,5
13777,5
13778,5
13779,5
13780,5
13781,5
13783,5
13784,5
13785,5
13786,5
13787,5
13789,5
13791,5
13793,5
13794,1
13796,5
13797,5
13798,5
13799,5
13800,5
13801,5
13803,1
13804,5
13806,5
13807,4
13808,5
13809,5
13810,3
13811,5
13812,0
13814,1
13817,1
13819,1
13821,5
13822,5
13831,0
13833,0
13834,3
13835,2
13841,4
13843,2
13848,1
13850,4
13851,4
13857,2
13858,2
13862,5
13866,4
13867,1
13868,1
13872,0
13874,0
13875,0
13877,0
13878,1
13880,0
